序号,红1,红2,红3,红4,红5,蓝1,蓝2
1,22,24,29,31,35,4,11
2,15,22,31,34,35,5,12
3,3,4,18,23,32,1,6
4,6,10,16,17,25,2,4
5,1,9,19,20,30,2,11
6,1,16,20,23,28,3,6
7,14,16,25,26,35,4,9
8,2,8,11,21,23,4,7
9,1,3,9,19,34,9,12
10,6,8,18,29,34,9,11
11,29,32,33,34,35,9,10
12,3,12,15,29,34,7,11
13,12,17,27,29,34,6,9
14,1,2,7,29,32,6,7
15,2,8,12,13,17,11,12
16,1,14,19,24,31,3,12
17,13,14,29,32,34,3,12
18,3,4,16,23,28,6,9
19,3,6,17,22,23,4,6
20,2,6,11,12,18,5,12
21,2,4,24,29,33,1,2
22,8,10,12,23,25,3,10
23,8,10,23,32,34,8,10
24,6,16,20,25,31,4,9
25,22,24,26,27,34,2,10
26,5,9,13,33,35,1,8
27,2,3,10,19,27,6,10
28,20,26,30,34,35,3,10
29,15,22,25,29,35,9,11
30,11,14,27,33,35,2,7
31,3,21,27,31,32,6,8
32,1,13,21,23,32,4,11
33,1,5,8,14,22,3,12
34,6,8,11,13,22,2,11
35,7,11,16,31,32,1,12
36,15,18,21,27,34,1,2
37,1,6,7,17,31,11,12
38,6,21,25,27,32,8,9
39,10,11,20,21,35,7,11
40,5,21,25,28,35,1,4
41,3,16,17,22,35,1,8
42,7,10,22,31,35,5,6
43,4,9,22,24,31,2,6
44,4,5,7,12,26,1,10
45,9,16,20,26,35,11,12
46,4,16,18,23,30,1,10
47,1,6,15,19,35,2,9
48,8,25,26,29,35,6,8
49,9,10,15,17,32,4,6
50,13,21,22,30,35,1,11
51,3,7,24,28,35,8,11
52,1,14,29,32,33,5,10
53,11,16,19,21,25,1,10
54,4,10,19,29,34,3,6
55,10,16,24,31,33,7,10
56,4,11,17,20,21,5,9
57,14,16,30,32,35,6,7
58,8,21,25,28,33,2,6
59,4,15,23,31,33,3,9
60,12,13,29,30,31,4,7
61,2,10,19,28,29,2,9
62,1,4,10,14,29,11,12
63,10,31,33,34,35,7,12
64,2,16,32,33,35,5,10
65,19,20,24,29,31,9,10
66,4,7,8,19,24,7,12
67,11,18,25,30,31,4,9
68,4,9,13,14,33,6,10
69,2,13,16,21,35,1,5
70,7,26,29,30,35,3,4
71,10,22,32,33,35,1,7
72,21,24,26,27,33,1,5
73,4,5,9,12,23,2,11
74,16,17,23,24,31,5,10
75,5,11,20,30,32,7,11
76,2,9,12,15,31,9,10
77,4,6,12,13,24,1,4
78,9,12,14,22,23,1,2
79,6,9,25,26,31,2,8
80,1,15,20,25,27,5,10
81,6,18,20,22,35,4,9
82,3,5,14,33,34,7,8
83,1,5,20,21,24,3,4
84,5,11,18,29,34,10,11
85,17,24,28,29,33,2,5
86,14,18,19,26,28,3,9
87,8,18,30,31,33,4,9
88,17,18,21,23,33,6,10
89,8,13,24,30,34,1,12
90,4,20,24,31,33,9,12
91,7,12,26,31,32,3,8
92,6,19,27,28,29,6,10
93,6,8,16,25,27,8,12
94,1,2,11,34,35,3,10
95,1,12,24,31,32,10,12
96,1,11,13,32,35,2,7
97,9,22,24,31,33,8,9
98,18,25,29,31,34,9,10
99,10,12,26,29,34,5,7
100,3,4,5,12,28,3,12
101,2,6,8,17,32,8,9
102,4,8,12,24,30,5,8
103,6,23,24,27,29,6,8
104,14,20,22,24,27,7,10
105,2,10,29,32,35,2,3
106,1,11,19,22,35,5,9
107,4,7,10,28,34,1,6
108,9,18,20,27,33,6,9
109,8,10,11,17,19,6,9
110,2,14,25,29,32,1,6
111,3,6,7,11,30,2,3
112,8,24,25,29,31,4,5
113,4,5,15,17,33,4,8
114,5,10,13,21,24,4,9
115,9,12,13,25,31,8,10
116,6,26,31,32,34,7,10
117,8,12,17,20,30,1,2
118,6,10,12,15,28,4,12
119,1,21,22,24,25,8,10
120,5,17,23,31,32,4,8
121,3,11,17,19,26,7,12
122,6,11,18,29,30,4,11
123,3,21,23,26,35,5,8
124,14,20,23,27,28,2,4
125,3,9,19,27,33,9,10
126,3,10,21,23,30,1,9
127,6,7,18,34,35,5,10
128,2,12,13,29,30,5,7
129,9,19,22,30,32,1,10
130,11,20,24,31,35,4,10
131,12,13,19,32,33,2,10
132,7,11,15,27,35,4,7
133,4,8,19,22,29,8,11
134,7,17,21,22,28,5,10
135,5,10,13,32,35,4,5
136,5,8,10,31,33,2,4
137,2,21,23,27,32,10,11
138,14,32,33,34,35,2,4
139,11,25,26,27,35,7,8
140,12,18,22,23,30,6,12
141,1,13,22,25,27,2,10
142,1,11,14,28,30,3,10
143,1,5,11,26,27,3,7
144,1,7,9,11,33,3,11
145,3,18,19,30,35,5,9
146,1,13,21,23,32,3,6
147,5,14,23,31,35,2,6
148,2,14,28,30,35,4,12
149,15,19,25,30,31,3,9
150,5,8,9,17,33,5,6
151,3,9,11,29,33,3,12
152,7,13,21,25,31,8,10
153,3,13,17,23,30,1,11
154,7,10,14,19,32,3,6
155,1,15,27,28,29,3,10
156,7,11,24,30,35,6,8
157,14,18,24,27,31,6,7
158,19,22,23,25,32,6,12
159,2,7,21,22,25,4,12
160,3,10,14,15,22,4,7
161,6,9,11,33,34,6,10
162,5,13,16,29,33,6,8
163,9,17,18,21,31,1,5
164,1,5,11,14,25,1,9
165,10,25,32,33,34,3,9
166,2,5,6,7,31,8,10
167,10,13,22,31,35,4,12
168,1,10,13,30,33,6,7
169,3,5,10,27,34,1,12
170,1,8,21,33,34,5,7
171,8,17,20,28,31,7,11
172,20,23,26,32,33,5,12
173,6,9,29,31,33,5,11
174,7,8,20,22,29,4,7
175,15,19,29,33,35,1,2
176,6,14,15,30,31,3,10
177,2,17,20,22,25,5,11
178,3,7,13,15,19,2,10
179,1,6,10,22,35,3,7
180,14,22,32,33,35,1,5
181,7,11,19,27,31,2,3
182,8,13,24,32,33,3,9
183,4,11,18,33,34,2,6
184,9,13,19,22,25,4,10
185,3,23,26,32,34,4,9
186,6,7,10,24,30,5,8
187,7,12,19,27,34,11,12
188,3,4,11,21,25,1,7
189,6,7,12,25,28,2,12
190,1,10,31,33,35,3,10
191,7,10,22,27,33,4,8
192,3,18,23,25,30,6,10
193,12,20,26,29,30,2,6
194,10,13,23,31,33,4,11
195,5,25,26,29,35,3,10
196,2,11,22,30,34,4,9
197,7,8,10,24,34,8,11
198,12,21,22,26,35,4,5
199,3,5,21,28,33,2,6
200,1,2,13,15,16,4,9
201,11,16,24,29,32,9,11
202,1,10,18,28,34,5,8
203,5,16,25,27,33,4,9
204,2,11,12,14,19,5,9
205,4,18,26,32,33,5,8
206,11,14,17,19,22,1,8
207,2,3,22,27,31,6,7
208,7,9,19,21,33,7,10
209,6,8,15,24,31,1,3
210,13,23,24,25,30,2,8
211,6,9,19,25,30,6,12
212,1,2,10,19,27,1,11
213,21,23,24,25,32,3,4
214,11,23,24,32,35,4,10
215,3,6,12,20,29,9,12
216,1,6,12,28,31,8,9
217,2,10,13,29,33,6,10
218,1,4,28,33,34,6,11
219,9,29,32,34,35,1,8
220,8,21,22,31,33,1,7
221,12,15,23,24,25,10,11
222,13,16,20,25,27,4,5
223,3,5,22,29,34,7,12
224,8,9,12,21,32,7,11
225,6,14,24,27,29,5,9
226,10,12,15,33,35,3,9
227,11,13,15,28,35,8,10
228,7,22,25,29,33,1,12
229,3,28,29,32,34,1,6
230,1,10,25,32,35,5,9
231,4,5,18,22,35,7,8
232,1,6,10,14,22,6,8
233,2,9,11,29,32,8,9
234,9,15,18,30,34,4,5
235,6,18,21,30,35,8,9
236,1,2,22,29,32,1,4
237,10,19,27,28,33,5,12
238,5,16,27,29,30,5,11
239,9,23,24,26,33,7,12
240,16,18,19,24,35,11,12
241,3,7,20,33,35,4,7
242,2,5,6,27,29,3,4
243,1,9,10,15,25,3,8
244,7,10,27,31,34,8,9
245,3,5,14,20,33,7,11
246,2,4,6,25,26,2,5
247,5,7,10,29,32,4,6
248,1,15,23,27,30,4,10
249,1,4,7,12,30,5,10
250,16,18,23,30,32,2,11
251,1,3,22,32,35,6,10
252,10,11,15,31,32,5,8
253,2,4,22,31,35,9,12
254,6,14,15,29,35,6,11
255,4,17,21,29,31,2,12
256,12,18,23,26,32,6,9
257,2,9,12,21,29,7,11
258,2,11,13,14,21,2,4
259,2,5,20,25,31,10,12
260,5,24,26,30,35,5,12
261,8,14,15,25,26,7,9
262,1,5,10,16,27,3,4
263,10,11,20,26,27,9,11
264,5,11,23,26,33,4,12
265,1,6,13,28,29,3,9
266,4,29,31,32,35,4,10
267,5,16,18,32,35,2,11
268,1,15,31,32,34,3,8
269,12,14,17,34,35,4,11
270,15,17,21,27,33,7,11
271,29,31,32,33,35,10,11
272,3,17,22,23,33,4,10
273,24,30,31,32,34,10,12
274,3,22,26,33,34,9,10
275,6,20,30,32,35,9,11
276,3,4,13,17,24,4,11
277,1,7,27,30,32,1,4
278,7,11,19,21,22,1,11
279,4,12,20,26,29,6,10
280,2,8,18,21,32,8,11
281,5,19,31,32,35,4,9
282,3,7,9,28,33,3,8
283,2,12,26,31,33,9,10
284,17,18,19,25,31,1,11
285,6,17,20,29,32,4,5
286,1,3,7,10,33,3,4
287,3,16,30,32,33,1,10
288,5,9,20,23,29,4,10
289,11,24,25,26,31,2,7
290,5,21,22,32,35,2,5
291,1,7,18,29,34,3,9
292,1,9,14,24,35,6,9
293,1,9,24,34,35,4,9
294,13,18,21,24,29,3,6
295,5,6,22,25,27,11,12
296,5,16,28,29,34,11,12
297,5,15,28,32,33,8,9
298,3,11,22,26,29,5,12
299,23,24,30,34,35,1,3
300,5,9,24,31,33,5,6
301,2,12,19,29,30,7,12
302,5,8,14,23,24,5,6
303,4,13,17,32,35,3,6
304,6,15,22,27,30,2,9
305,8,10,14,27,32,2,7
306,2,13,14,29,33,4,11
307,18,28,29,30,31,4,8
308,2,10,21,26,34,2,10
309,4,22,23,29,31,5,11
310,5,6,18,21,22,1,7
311,6,10,11,17,34,11,12
312,1,12,24,27,32,2,11
313,1,8,19,24,31,6,12
314,3,6,25,28,32,2,5
315,2,12,15,20,28,1,12
316,14,16,27,30,33,8,12
317,10,21,24,30,31,3,10
318,4,20,29,30,33,2,11
319,23,26,29,32,33,5,10
320,1,10,19,21,30,1,4
321,15,17,19,23,32,1,11
322,1,7,11,32,33,9,11
323,3,9,11,18,24,4,5
324,7,20,28,32,34,6,8
325,11,23,26,31,34,5,11
326,1,2,7,13,34,4,10
327,7,16,19,29,35,2,11
328,2,15,20,25,33,3,6
329,5,11,26,29,32,8,11
330,2,5,28,34,35,1,7
331,5,9,19,26,35,2,10
332,6,13,27,33,34,9,12
333,1,2,7,26,29,10,12
334,10,24,28,30,33,1,10
335,13,16,27,32,34,3,9
336,3,6,11,19,27,2,7
337,18,25,30,33,34,4,10
338,1,5,17,32,34,3,7
339,10,21,22,27,29,8,12
340,7,9,22,30,33,9,11
341,1,5,21,23,29,5,12
342,8,18,24,30,33,1,6
343,7,12,28,32,33,1,3
344,6,13,14,22,25,1,4
345,11,17,19,25,26,2,10
346,3,9,21,23,33,6,10
347,16,20,25,29,33,1,8
348,2,10,14,22,26,4,9
349,11,13,29,32,35,10,12
350,16,20,28,32,33,1,2
351,15,25,29,32,33,10,11
352,1,25,26,34,35,6,11
353,11,21,22,25,34,6,9
354,11,12,33,34,35,1,10
355,1,9,14,29,30,7,10
356,2,11,13,26,35,6,10
357,22,28,30,31,34,7,9
358,4,11,13,19,35,10,12
359,2,8,12,34,35,4,5
360,3,4,10,18,27,6,8
361,2,8,25,29,33,3,7
362,1,2,6,8,26,5,12
363,12,15,23,30,33,9,12
364,7,21,29,31,33,9,10
365,10,17,18,21,34,5,11
366,3,12,22,23,28,4,12
367,11,23,27,28,32,2,5
368,4,5,8,11,22,2,10
369,1,2,11,31,33,5,6
370,10,21,28,29,32,6,10
371,1,3,14,32,35,7,11
372,8,20,23,29,31,2,11
373,14,23,27,28,33,8,12
374,5,9,27,32,34,5,8
375,6,21,28,32,34,4,7
376,2,10,18,32,33,3,8
377,9,14,25,32,34,2,8
378,2,3,8,33,34,3,11
379,2,10,12,15,28,4,7
380,1,8,24,27,34,10,11
381,2,16,19,28,33,7,11
382,6,8,15,20,32,5,6
383,7,13,23,24,29,6,10
384,12,28,29,30,34,1,9
385,3,4,14,28,32,9,10
386,14,16,20,22,32,5,9
387,7,8,19,26,30,1,12
388,13,14,21,30,33,2,8
389,5,6,13,24,31,3,11
390,1,9,10,11,22,1,12
391,18,26,32,33,34,4,6
392,5,11,14,22,35,3,10
393,11,17,23,24,25,3,6
394,6,12,18,22,29,5,8
395,2,4,13,14,33,1,9
396,1,3,10,12,20,2,7
397,4,11,18,25,34,5,7
398,3,8,14,30,31,4,9
399,1,23,29,30,32,7,12
400,21,22,30,32,34,3,7
401,2,6,7,12,27,2,8
402,4,23,25,26,30,7,10
403,5,14,23,27,30,2,8
404,3,6,21,24,34,4,6
405,4,17,19,22,30,2,3
406,3,13,19,30,34,2,5
407,7,23,26,29,32,8,11
408,11,23,25,31,32,5,11
409,2,5,13,27,32,3,11
410,15,22,24,32,35,2,9
411,2,3,11,27,32,8,11
412,20,24,30,31,33,5,12
413,18,21,22,26,34,9,12
414,18,19,30,33,35,2,4
415,3,10,14,18,28,8,10
416,10,12,20,23,32,4,10
417,13,21,23,27,34,9,12
418,3,10,26,32,33,4,12
419,3,11,19,26,27,2,9
420,8,18,26,32,33,1,6
421,11,20,23,24,25,7,9
422,2,11,13,14,25,2,5
423,11,13,29,32,33,2,8
424,3,14,19,24,25,4,11
425,9,11,13,14,25,1,7
426,5,23,25,31,35,7,10
427,5,23,26,32,34,2,9
428,1,2,7,20,35,1,3
429,21,22,33,34,35,3,4
430,10,12,19,32,35,2,7
431,5,13,16,17,35,6,8
432,13,16,23,24,33,7,11
433,12,19,28,29,30,5,8
434,1,6,19,25,26,3,9
435,14,16,20,31,34,1,7
436,19,25,28,31,33,1,8
437,19,21,26,34,35,1,9
438,8,10,25,29,33,1,2
439,7,19,26,28,32,1,8
440,13,20,26,31,35,2,11
441,16,22,28,29,34,4,12
442,1,5,19,34,35,6,7
443,5,8,10,33,35,2,10
444,6,21,24,28,30,2,7
445,8,17,18,20,28,9,10
446,2,15,19,26,27,5,6
447,4,8,11,30,31,2,8
448,2,3,10,12,25,3,9
449,1,25,29,31,33,4,10
450,7,8,15,30,35,5,10
451,6,10,20,24,32,6,10
452,4,6,25,29,32,5,6
453,9,19,22,26,34,9,11
454,12,25,29,30,33,10,11
455,13,14,17,27,32,2,10
456,5,9,23,25,30,9,12
457,15,17,24,32,35,7,9
458,6,15,17,19,30,1,12
459,6,10,14,25,34,1,3
460,10,13,22,33,34,1,5
461,5,12,14,17,22,5,7
462,6,7,18,30,31,7,8
463,7,14,16,30,31,3,6
464,7,10,12,20,21,6,9
465,5,8,13,14,32,8,11
466,15,21,22,24,27,1,6
467,1,11,19,30,32,3,10
468,11,17,19,20,34,6,10
469,6,17,18,25,29,8,9
470,5,14,23,25,28,11,12
471,7,12,26,30,32,2,7
472,5,10,17,23,25,3,10
473,4,9,11,30,32,1,11
474,3,7,20,27,32,2,12
475,10,12,17,23,27,5,7
476,9,12,16,19,35,2,12
477,6,7,9,17,24,2,12
478,2,3,15,28,35,1,11
479,1,4,21,22,24,2,5
480,8,19,27,29,34,4,10
481,14,18,20,24,27,5,10
482,5,8,24,29,30,4,6
483,7,11,21,22,35,4,7
484,3,13,14,22,26,2,5
485,2,10,16,18,34,2,3
486,1,2,12,19,35,5,7
487,1,12,20,21,24,2,8
488,3,5,14,30,35,3,6
489,4,10,13,18,23,8,10
490,8,24,26,31,32,7,9
491,6,10,23,26,31,5,7
492,2,15,29,30,34,2,12
493,2,4,9,28,29,5,8
494,20,32,33,34,35,6,7
495,12,14,16,19,25,1,6
496,4,9,24,30,35,1,10
497,9,17,21,28,29,2,8
498,2,3,12,13,25,1,7
499,3,11,17,21,30,1,8
500,19,20,30,33,35,6,8
501,11,15,22,27,35,5,8
502,4,15,19,24,35,1,10
503,10,14,29,30,35,5,8
504,14,25,30,32,33,1,11
505,5,17,26,27,35,8,9
506,5,27,28,29,34,9,12
507,14,17,22,27,34,3,5
508,1,10,13,19,34,9,12
509,1,2,8,11,25,10,12
510,21,29,30,33,35,7,11
511,3,6,13,14,29,1,2
512,14,15,18,34,35,8,10
513,5,16,22,23,32,4,10
514,3,7,22,25,35,3,11
515,5,7,10,15,32,3,8
516,14,22,27,28,35,4,10
517,4,6,21,27,34,5,9
518,19,22,23,29,35,8,10
519,5,13,14,23,26,2,3
520,8,10,18,34,35,6,10
521,21,22,31,32,34,2,12
522,5,6,11,13,26,2,7
523,18,20,30,32,33,1,11
524,1,9,27,29,34,1,6
525,1,7,9,14,19,9,12
526,3,5,9,13,33,5,11
527,3,22,24,30,33,4,10
528,6,17,19,29,35,2,8
529,14,15,24,25,26,3,7
530,5,6,9,10,34,8,11
531,10,15,22,28,29,4,12
532,18,21,23,25,29,6,11
533,11,16,17,21,22,3,6
534,9,12,13,19,30,4,5
535,14,17,19,26,32,3,4
536,3,13,18,30,33,7,8
537,22,27,28,33,35,9,11
538,8,12,14,19,27,5,6
539,3,13,16,19,29,7,9
540,6,18,20,30,31,3,6
541,5,11,17,23,33,3,10
542,10,11,19,21,27,4,6
543,10,16,18,22,27,6,8
544,2,11,16,22,31,10,11
545,18,19,27,28,33,3,6
546,14,17,30,31,34,4,10
547,1,15,19,21,23,11,12
548,3,4,8,10,35,2,6
549,5,22,24,25,30,1,6
550,5,24,28,29,35,1,9
551,1,10,32,33,35,3,8
552,2,5,18,22,23,7,12
553,6,7,16,24,35,4,6
554,7,8,15,32,34,5,12
555,11,13,27,28,29,2,6
556,1,24,27,30,31,1,6
557,7,8,10,23,25,7,9
558,1,7,25,27,30,7,12
559,2,8,16,26,35,11,12
560,14,24,32,33,35,2,9
561,1,23,26,27,30,5,6
562,9,10,11,14,24,3,8
563,4,8,10,14,27,5,7
564,2,17,23,24,30,2,9
565,3,12,19,25,30,8,11
566,5,8,14,28,30,4,6
567,2,14,20,21,24,2,9
568,8,18,19,22,23,1,3
569,15,20,30,33,35,6,9
570,16,19,24,26,31,2,4
571,16,22,24,32,34,2,10
572,8,21,23,27,33,6,11
573,9,12,19,22,28,1,5
574,1,9,13,17,30,2,8
575,9,14,24,25,34,1,4
576,5,13,16,18,24,2,12
577,12,15,16,20,33,8,12
578,8,9,25,28,29,2,10
579,1,9,15,20,29,7,9
580,5,14,25,34,35,2,5
581,1,2,13,17,28,1,4
582,3,9,17,24,28,6,12
583,15,19,25,30,33,3,8
584,12,17,19,22,35,4,11
585,7,16,23,31,33,3,10
586,3,19,24,29,33,3,9
587,3,6,9,17,27,3,9
588,3,4,13,15,32,4,9
589,3,18,29,30,33,8,9
590,1,12,14,22,24,10,12
591,7,9,11,13,33,10,12
592,1,11,14,22,34,6,8
593,3,7,15,18,20,1,6
594,4,5,11,13,25,3,6
595,6,9,18,30,32,10,12
596,2,8,23,33,35,5,10
597,11,21,24,26,31,6,7
598,13,21,22,29,31,7,11
599,9,15,16,19,29,4,6
600,2,15,22,33,35,5,8
601,13,17,25,27,28,2,3
602,5,6,10,22,25,1,9
603,4,7,29,32,33,8,10
604,6,8,12,17,18,5,10
605,13,24,31,32,33,3,9
606,3,16,28,31,32,1,9
607,5,9,16,26,35,3,10
608,1,7,31,32,35,2,10
609,3,5,29,30,31,8,10
610,7,11,30,31,34,9,12
611,1,9,27,32,33,3,6
612,9,16,21,29,34,7,10
613,3,25,29,32,34,9,10
614,6,7,16,18,20,4,10
615,6,10,17,20,21,3,7
616,10,17,18,26,32,1,5
617,1,6,27,30,34,1,6
618,3,11,14,25,34,1,4
619,6,13,18,20,33,9,10
620,10,17,22,24,32,3,10
621,1,13,16,18,32,7,9
622,3,5,28,29,33,4,12
623,9,19,22,29,30,2,8
624,27,31,33,34,35,4,6
625,3,11,13,20,35,3,8
626,13,19,20,22,33,5,11
627,7,16,23,28,31,3,6
628,6,9,20,23,28,6,10
629,18,23,25,29,30,1,2
630,5,8,19,33,34,1,12
631,4,9,16,27,30,2,6
632,1,3,23,30,31,2,10
633,5,12,30,31,32,1,3
634,4,13,20,21,35,2,9
635,7,20,25,30,32,5,9
636,6,8,18,20,24,4,8
637,14,29,31,34,35,1,12
638,2,17,19,21,22,3,10
639,4,5,6,9,15,1,6
640,6,13,20,25,34,7,9
641,20,21,27,29,35,3,8
642,5,6,23,27,34,3,4
643,2,4,29,30,34,5,8
644,11,17,23,29,30,6,8
645,10,17,19,32,33,1,12
646,4,6,8,19,31,10,11
647,11,21,22,32,34,4,8
648,9,12,17,19,29,6,11
649,3,8,20,24,25,1,2
650,4,19,28,31,33,11,12
651,6,7,28,33,35,1,10
652,2,6,9,12,20,5,8
653,8,11,13,28,33,8,9
654,5,12,20,28,30,3,7
655,19,24,28,31,34,4,12
656,3,4,26,29,34,1,3
657,7,19,27,28,34,2,5
658,2,11,26,32,33,5,12
659,1,9,29,30,35,5,9
660,2,6,18,30,32,1,8
661,7,15,18,24,28,1,7
662,1,11,12,22,34,8,10
663,30,31,33,34,35,4,7
664,2,11,13,23,31,11,12
665,6,17,28,32,33,8,12
666,4,5,7,10,12,4,5
667,6,8,17,27,35,2,11
668,17,26,30,31,35,6,11
669,10,15,18,19,26,7,12
670,10,12,28,32,33,3,5
671,4,7,11,32,35,5,7
672,4,15,20,26,31,6,12
673,20,25,26,30,31,9,10
674,2,3,30,31,33,3,9
675,3,8,23,24,34,5,12
676,10,14,18,19,35,1,6
677,8,12,14,20,25,6,8
678,7,10,27,34,35,10,12
679,7,17,29,30,33,10,12
680,1,11,22,26,29,5,8
681,3,4,6,11,13,1,2
682,1,7,13,18,23,4,8
683,8,9,13,23,35,11,12
684,3,5,12,18,33,7,11
685,12,14,16,19,33,2,9
686,4,11,23,26,35,3,12
687,1,10,12,14,17,9,10
688,6,22,29,33,35,3,12
689,8,9,11,19,33,3,12
690,2,15,18,23,31,1,2
691,17,23,26,30,32,6,12
692,4,6,10,15,16,3,4
693,1,12,32,33,34,9,11
694,2,11,19,22,35,10,12
695,4,26,30,33,34,4,6
696,8,9,12,25,33,7,10
697,7,18,24,28,33,2,3
698,7,15,19,24,29,4,6
699,9,13,19,29,34,2,11
700,1,15,16,27,28,2,7
701,7,10,11,26,31,3,4
702,2,7,12,29,31,3,5
703,13,22,30,33,34,6,12
704,7,11,14,20,27,3,10
705,1,4,6,21,35,2,11
706,6,22,29,30,35,3,5
707,4,12,16,20,28,8,11
708,7,27,28,32,33,1,12
709,3,11,14,26,29,7,8
710,16,22,24,33,34,3,10
711,10,11,22,31,32,6,7
712,1,2,29,31,33,7,12
713,3,20,22,25,27,1,9
714,4,5,13,17,25,7,10
715,6,8,30,31,32,1,11
716,6,14,20,29,35,9,10
717,25,26,29,32,34,5,7
718,5,19,22,29,30,2,4
719,6,18,22,30,35,2,7
720,7,8,11,12,24,1,2
721,10,14,24,30,32,1,12
722,12,13,24,26,33,6,8
723,5,14,20,29,31,8,12
724,6,11,22,29,34,3,12
725,3,10,14,29,31,4,8
726,7,9,17,30,34,1,12
727,12,14,27,29,34,3,6
728,10,15,21,31,34,7,8
729,7,12,20,33,35,1,10
730,7,9,17,29,35,9,10
731,3,11,17,21,30,3,7
732,1,2,5,12,27,4,7
733,10,11,22,23,29,2,9
734,3,10,11,22,31,5,7
735,10,12,15,33,34,3,10
736,4,7,8,18,29,7,10
737,3,21,22,26,32,1,3
738,19,21,23,25,30,3,8
739,7,8,16,26,34,7,11
740,8,13,19,27,32,1,8
741,1,8,15,16,29,8,9
742,1,4,30,32,35,8,12
743,1,9,20,30,31,8,12
744,9,13,27,31,35,3,10
745,11,23,25,31,35,1,3
746,15,21,22,24,35,1,5
747,2,13,23,28,29,1,5
748,1,2,13,22,23,2,10
749,7,24,27,28,35,7,12
750,1,6,25,31,34,3,9
751,3,4,14,32,35,1,2
752,5,11,17,20,28,11,12
753,4,8,19,23,27,4,11
754,5,7,17,30,34,3,10
755,6,9,26,30,35,5,6
756,9,18,22,27,31,10,12
757,13,17,22,28,29,1,10
758,1,2,17,18,33,5,12
759,10,20,26,31,33,10,12
760,11,12,26,28,31,7,12
761,1,16,18,27,30,10,11
762,7,22,26,32,33,1,8
763,11,21,23,26,34,7,9
764,1,2,14,33,34,3,5
765,13,21,29,31,35,4,12
766,9,13,19,21,27,3,4
767,2,16,21,24,30,6,10
768,5,10,14,27,33,7,9
769,21,32,33,34,35,8,9
770,11,25,26,29,35,1,2
771,9,12,13,15,30,9,10
772,10,22,28,29,34,5,11
773,1,20,25,29,33,4,6
774,20,22,27,30,33,1,2
775,1,21,31,32,35,3,6
776,2,4,22,25,34,2,11
777,9,22,23,32,34,6,8
778,13,23,29,31,34,6,8
779,4,8,17,22,25,4,10
780,18,23,29,33,34,2,7
781,10,22,23,30,32,1,7
782,7,9,10,18,22,5,10
783,2,14,16,22,24,2,5
784,10,30,32,33,34,2,3
785,1,2,23,25,35,5,12
786,1,5,25,32,33,1,10
787,11,12,14,25,28,2,5
788,10,16,17,30,35,1,8
789,2,4,9,10,15,8,10
790,16,19,28,29,31,5,8
791,21,24,27,29,31,1,2
792,7,18,29,31,33,10,12
793,3,20,25,29,32,5,10
794,1,6,7,21,31,4,11
795,13,17,24,30,35,2,10
796,6,12,21,29,32,6,11
797,2,21,27,29,33,2,10
798,3,10,28,31,33,1,9
799,8,9,23,25,31,2,12
800,2,16,21,31,33,4,11
801,2,14,23,32,35,1,10
802,6,9,22,27,30,8,12
803,5,10,19,24,35,8,9
804,9,17,24,29,32,1,2
805,2,11,28,29,30,6,12
806,12,18,24,25,32,2,12
807,7,9,13,19,27,1,3
808,2,5,8,9,31,3,7
809,2,4,6,13,35,4,8
810,2,9,18,23,24,1,4
811,16,18,24,25,27,4,9
812,5,6,14,15,31,6,8
813,15,23,25,29,31,9,10
814,4,7,9,22,33,1,3
815,6,7,12,24,35,2,6
816,1,22,30,32,35,9,11
817,1,11,17,19,26,5,12
818,1,24,25,30,33,4,11
819,1,2,28,31,35,5,7
820,3,10,22,27,29,3,12
821,3,6,21,33,35,1,7
822,1,6,13,19,23,6,9
823,1,11,18,20,22,7,10
824,1,12,18,21,33,7,8
825,5,17,25,30,33,1,12
826,5,6,9,19,32,6,9
827,2,10,21,23,29,3,4
828,7,18,20,29,30,5,6
829,23,24,25,29,31,3,12
830,5,8,18,30,33,1,9
831,7,11,19,20,35,5,10
832,6,14,17,22,35,1,2
833,13,14,21,28,29,5,10
834,12,13,14,25,35,10,12
835,9,10,19,30,31,4,11
836,1,7,21,28,31,3,9
837,14,19,23,29,30,6,7
838,2,16,18,27,30,8,12
839,5,8,21,25,33,1,11
840,5,7,13,29,30,1,5
841,1,6,18,32,35,2,7
842,3,5,17,18,33,6,7
843,2,23,29,30,31,1,4
844,3,12,20,21,27,1,6
845,13,17,27,31,33,6,12
846,9,10,12,22,25,4,11
847,7,17,27,28,29,9,10
848,3,11,19,23,34,2,12
849,15,19,29,34,35,7,10
850,9,27,29,30,31,3,6
851,11,13,14,21,29,1,10
852,5,22,31,33,35,6,9
853,1,10,13,17,26,6,8
854,2,3,17,19,33,2,9
855,4,16,27,29,34,6,11
856,2,10,23,33,34,5,10
857,2,14,18,24,31,2,3
858,3,19,20,24,33,3,4
859,4,17,26,33,34,2,8
860,8,9,10,13,22,5,10
861,3,26,27,31,32,3,9
862,6,9,11,31,32,5,11
863,4,20,27,31,32,6,12
864,1,16,18,21,31,9,12
865,7,8,12,20,25,3,7
866,18,22,26,28,31,10,12
867,8,20,25,31,32,5,7
868,14,29,32,33,34,3,6
869,2,7,25,29,34,3,6
870,10,17,19,27,29,5,12
871,9,15,17,18,29,9,11
872,1,2,8,15,23,6,9
873,1,14,31,32,34,2,11
874,13,15,29,30,35,1,11
875,5,8,25,29,31,2,4
876,14,15,26,32,33,1,11
877,5,15,19,27,32,8,9
878,11,14,22,29,34,5,11
879,20,23,31,33,34,3,9
880,6,12,17,29,30,7,11
881,6,11,20,31,32,5,9
882,23,24,28,30,33,1,11
883,3,4,13,17,23,3,8
884,5,19,24,26,35,5,7
885,9,12,14,18,24,1,4
886,3,23,25,26,28,10,12
887,2,10,16,30,33,5,6
888,3,12,14,24,35,3,8
889,13,19,28,30,34,8,12
890,5,7,17,25,26,4,10
891,3,5,9,10,28,5,7
892,12,17,18,26,32,10,11
893,12,27,28,33,35,1,8
894,12,18,22,28,31,1,11
895,1,3,11,19,29,4,8
896,5,14,28,32,34,7,8
897,8,12,32,33,35,3,5
898,2,26,31,32,34,6,8
899,1,19,24,25,26,7,9
900,6,23,30,33,35,7,10
901,16,17,22,26,35,3,10
902,3,13,14,15,34,5,8
903,2,6,22,23,33,1,6
904,7,13,25,34,35,7,9
905,7,11,13,18,28,5,10
906,8,11,12,21,25,2,7
907,15,16,19,25,32,5,11
908,12,20,28,30,35,3,11
909,10,11,23,32,33,1,4
910,18,22,25,31,32,4,6
911,14,22,30,32,33,7,8
912,5,8,15,18,33,7,8
913,1,2,10,29,31,1,10
914,13,31,33,34,35,5,7
915,5,8,21,30,32,1,8
916,4,5,22,23,24,3,9
917,11,22,30,32,35,3,4
918,7,15,27,33,35,7,10
919,20,21,27,31,35,7,11
920,3,8,11,24,27,7,12
921,15,25,26,32,35,5,10
922,1,14,18,21,32,5,10
923,1,5,8,9,12,9,12
924,3,5,11,27,28,5,6
925,21,24,26,28,32,1,3
926,9,28,31,34,35,2,9
927,6,7,13,33,34,2,11
928,2,3,5,8,29,10,12
929,10,17,27,34,35,5,7
930,6,12,13,16,30,7,12
931,9,12,18,21,29,1,8
932,13,19,26,27,28,3,11
933,12,27,28,33,35,3,5
934,3,5,23,27,31,2,6
935,6,14,20,24,32,1,7
936,1,11,13,19,35,7,8
937,13,15,16,26,27,9,10
938,24,26,30,32,35,6,12
939,2,7,23,31,33,2,8
940,9,10,17,21,34,1,7
941,6,21,23,27,31,4,6
942,7,9,15,17,23,2,7
943,3,9,25,26,33,3,12
944,26,29,30,32,35,4,10
945,8,22,26,29,35,1,5
946,8,19,23,27,32,3,5
947,9,16,26,29,31,6,9
948,9,12,22,32,34,2,4
949,3,5,8,33,35,1,3
950,6,7,23,24,29,4,11
951,2,26,30,31,33,11,12
952,4,9,28,34,35,2,8
953,7,10,21,27,33,3,9
954,1,5,17,18,26,5,7
955,3,28,33,34,35,6,9
956,3,17,28,30,33,1,10
957,17,19,20,22,26,6,8
958,7,8,13,17,32,3,8
959,2,6,16,29,34,10,11
960,4,11,28,30,33,5,12
961,9,12,24,26,30,5,9
962,4,9,13,15,32,2,9
963,6,12,15,19,26,2,11
964,5,8,13,16,31,3,9
965,2,5,11,27,29,1,11
966,7,13,27,30,34,1,12
967,6,7,12,13,27,3,12
968,7,13,14,18,25,5,12
969,5,10,13,15,18,2,11
970,13,20,26,29,32,2,6
971,7,16,18,32,33,2,7
972,7,12,13,20,27,1,3
973,2,10,20,22,29,5,12
974,19,21,23,28,30,8,12
975,6,17,21,23,33,1,9
976,5,16,29,32,34,4,11
977,13,22,23,30,33,9,11
978,5,16,23,25,33,7,12
979,4,6,11,20,31,1,5
980,1,2,16,23,35,1,11
981,6,14,15,22,26,3,11
982,3,18,19,20,24,3,12
983,15,17,20,24,35,4,12
984,2,9,10,33,34,5,12
985,5,7,18,21,32,10,11
986,4,8,14,23,28,4,8
987,9,10,15,18,30,3,6
988,3,14,16,19,32,5,10
989,11,13,27,33,35,1,2
990,11,23,29,30,33,1,4
991,8,9,15,19,30,6,9
992,12,15,29,30,31,4,12
993,23,26,28,31,34,2,10
994,2,8,10,16,17,9,12
995,2,13,19,23,32,2,9
996,4,13,19,25,26,7,12
997,5,11,15,25,28,5,11
998,4,12,32,33,34,6,8
999,3,8,13,17,24,7,9
1000,5,6,18,20,31,6,7
1001,1,12,17,26,28,1,6
1002,5,15,18,25,31,8,10
1003,6,11,25,28,29,4,12
1004,3,8,14,21,31,6,8
1005,3,20,21,23,35,2,8
1006,2,13,15,18,20,2,11
1007,6,7,15,25,31,1,9
1008,3,9,22,24,25,5,9
1009,2,5,9,29,32,3,7
1010,6,7,8,9,13,5,7
1011,6,7,14,18,22,8,11
1012,2,13,21,27,30,3,4
1013,9,12,14,18,19,3,9
1014,4,5,16,17,30,3,9
1015,5,13,20,23,29,8,11
1016,1,12,21,24,29,1,7
1017,7,11,13,21,33,5,6
1018,7,10,19,27,28,9,12
1019,15,17,18,29,33,4,8
1020,1,4,7,16,35,6,8
1021,8,11,14,21,32,3,11
1022,11,13,20,28,35,1,5
1023,10,18,25,29,33,7,8
1024,5,10,20,26,27,1,3
1025,4,6,14,24,35,7,12
1026,9,20,21,23,29,5,7
1027,10,11,13,22,28,4,12
1028,1,9,11,27,29,3,11
1029,4,6,18,20,30,5,7
1030,4,6,13,24,34,4,9
1031,5,10,11,23,34,1,10
1032,8,9,12,28,34,2,12
1033,7,12,22,29,32,11,12
1034,1,14,17,30,35,6,7
1035,6,10,17,23,24,3,9
1036,3,6,10,16,25,10,11
1037,4,13,15,29,33,5,9
1038,7,11,15,31,32,6,11
1039,19,20,27,32,34,6,8
1040,5,10,12,15,26,4,8
1041,9,10,24,28,29,10,12
1042,3,10,20,25,30,10,12
1043,3,21,22,23,35,5,9
1044,3,14,18,29,35,11,12
1045,6,15,27,32,33,3,4
1046,2,5,6,9,31,2,9
1047,1,7,8,28,29,4,8
1048,3,11,14,27,32,5,7
1049,9,12,14,28,29,3,10
1050,1,2,12,17,29,3,8
1051,3,4,8,19,34,2,4
1052,7,8,12,20,32,3,5
1053,2,5,11,15,20,8,11
1054,12,15,21,30,33,2,8
1055,5,7,11,15,18,5,12
1056,16,21,25,27,35,6,11
1057,1,11,23,29,30,1,12
1058,22,23,25,27,35,3,11
1059,6,10,12,16,30,2,11
1060,3,15,18,21,26,1,6
1061,6,17,18,30,34,6,12
1062,1,2,5,15,35,1,11
1063,3,15,17,22,31,3,5
1064,10,18,27,28,35,1,6
1065,1,7,11,29,30,3,11
1066,14,19,21,24,30,2,7
1067,2,11,17,27,30,3,4
1068,2,3,20,25,34,1,12
1069,4,23,26,27,35,10,11
1070,12,18,28,29,35,7,8
1071,8,10,20,27,33,1,9
1072,9,15,22,24,26,2,7
1073,7,15,17,25,29,4,11
1074,12,22,29,30,34,5,11
1075,4,11,17,20,29,6,10
1076,4,7,17,24,25,2,4
1077,11,17,21,23,34,3,4
1078,8,15,33,34,35,1,8
1079,7,12,19,31,33,7,12
1080,8,14,16,20,31,3,11
1081,3,18,23,24,31,3,7
1082,5,15,24,29,35,5,6
1083,16,22,27,29,31,2,9
1084,1,2,7,10,32,4,12
1085,4,14,15,22,23,1,7
1086,17,19,22,24,30,2,9
1087,4,5,7,13,35,5,6
1088,6,11,22,27,30,5,11
1089,5,7,29,32,35,4,10
1090,5,10,19,31,32,9,10
1091,9,16,26,31,32,1,5
1092,10,15,16,22,28,4,5
1093,9,10,20,31,32,6,10
1094,17,20,23,25,27,3,10
1095,3,5,8,10,25,9,12
1096,1,8,18,23,25,8,12
1097,18,20,24,33,35,5,10
1098,2,7,9,11,28,5,9
1099,6,12,13,25,29,11,12
1100,6,8,27,29,35,3,9
1101,4,7,31,33,35,9,10
1102,7,13,20,25,26,8,11
1103,2,8,12,29,30,7,12
1104,2,3,20,23,28,6,8
1105,10,16,18,29,32,2,7
1106,2,18,27,30,32,5,11
1107,3,8,30,32,34,9,11
1108,13,14,24,25,34,4,7
1109,6,22,30,31,34,5,6
1110,3,7,21,23,31,5,10
1111,3,15,20,21,23,7,9
1112,16,18,22,25,35,3,10
1113,15,21,22,23,33,1,7
1114,2,4,8,12,35,1,7
1115,9,10,12,17,28,3,11
1116,1,7,14,19,20,3,12
1117,14,20,23,25,26,10,12
1118,7,13,14,28,32,4,11
1119,4,10,26,29,32,4,8
1120,5,9,11,20,22,5,11
1121,5,13,14,21,34,8,10
1122,1,2,13,23,35,9,12
1123,15,18,20,21,23,1,2
1124,9,18,19,22,24,8,11
1125,11,16,18,20,29,3,4
1126,3,5,14,18,32,2,10
1127,2,13,17,19,23,1,6
1128,3,16,24,30,33,5,8
1129,1,5,26,29,30,2,10
1130,6,13,15,24,27,4,5
1131,3,14,17,18,33,6,9
1132,2,3,23,24,26,5,11
1133,4,8,9,13,18,8,12
1134,1,4,6,18,33,5,11
1135,13,16,18,22,32,8,10
1136,3,10,25,26,35,1,7
1137,1,9,12,22,25,2,9
1138,1,3,28,29,35,8,12
1139,12,15,19,23,31,4,10
1140,2,9,22,30,34,9,10
1141,2,4,6,15,19,2,11
1142,2,4,16,22,34,8,11
1143,7,22,28,30,32,5,6
1144,2,18,31,32,33,5,7
1145,3,16,19,23,27,3,7
1146,1,3,4,19,32,1,7
1147,2,8,12,14,18,4,12
1148,2,5,7,11,32,9,12
1149,20,26,28,30,35,9,12
1150,4,18,20,34,35,7,11
1151,2,11,16,22,34,2,5
1152,1,7,29,32,34,9,12
1153,3,5,7,15,34,1,10
1154,1,19,20,25,34,7,12
1155,4,17,20,26,29,5,8
1156,18,21,25,28,30,4,6
1157,1,11,14,18,25,6,10
1158,1,21,24,25,35,4,11
1159,15,19,22,24,26,10,11
1160,2,16,23,24,28,10,11
1161,5,9,14,26,34,2,9
1162,3,9,10,11,20,7,9
1163,2,13,19,26,35,1,5
1164,19,21,30,33,35,5,7
1165,3,8,26,31,32,8,12
1166,5,12,18,24,33,1,5
1167,1,8,13,24,32,5,10
1168,5,12,17,23,28,2,9
1169,8,9,19,27,30,6,7
1170,3,14,20,26,32,6,10
1171,12,19,27,28,34,1,12
1172,3,12,14,18,28,5,6
1173,11,14,15,18,19,7,8
1174,6,8,30,32,33,3,7
1175,2,7,8,14,31,4,8
1176,7,10,11,15,17,3,10
1177,17,22,26,27,33,6,10
1178,2,6,17,30,35,2,7
1179,4,13,22,25,30,1,6
1180,3,4,6,11,31,5,9
1181,11,15,25,28,35,7,10
1182,8,16,25,29,35,3,10
1183,1,5,13,17,32,4,11
1184,6,7,16,20,34,9,11
1185,7,13,16,17,29,1,7
1186,4,7,10,23,31,3,7
1187,2,8,16,22,24,1,3
1188,11,26,28,29,32,1,4
1189,22,23,24,26,31,5,6
1190,9,11,14,15,26,11,12
1191,6,9,11,12,22,3,11
1192,2,6,8,16,34,3,4
1193,7,10,20,22,27,10,11
1194,11,13,14,15,22,2,8
1195,5,21,22,25,28,3,10
1196,3,9,28,32,33,9,10
1197,7,10,19,30,35,3,5
1198,9,18,19,26,31,2,5
1199,7,21,29,32,33,4,12
1200,6,21,25,27,30,7,11
1201,3,17,22,26,28,3,7
1202,4,8,15,18,26,5,9
1203,22,24,29,30,35,1,10
1204,14,18,20,23,24,4,8
1205,10,16,21,28,31,7,8
1206,12,19,22,31,35,7,8
1207,3,6,7,16,25,1,6
1208,2,9,10,23,35,9,12
1209,1,11,21,23,28,1,10
1210,3,7,12,17,24,2,11
1211,2,20,22,25,29,2,7
1212,16,18,27,31,33,1,3
1213,8,9,22,29,30,8,12
1214,5,7,10,22,26,4,10
1215,1,2,17,23,31,5,12
1216,10,11,22,24,33,2,9
1217,8,9,11,15,22,8,10
1218,6,7,10,20,28,2,7
1219,1,2,11,16,21,1,5
1220,13,19,24,27,29,7,8
1221,8,25,28,29,32,4,7
1222,2,9,15,24,34,3,9
1223,6,11,14,20,30,5,10
1224,6,12,19,26,35,3,10
1225,1,5,7,14,26,4,6
1226,10,14,20,27,30,7,12
1227,7,9,19,23,32,1,3
1228,16,24,25,26,33,4,11
1229,6,7,8,16,22,2,10
1230,6,7,13,14,15,1,4
1231,1,4,6,34,35,2,4
1232,2,8,20,28,31,7,10
1233,4,5,7,13,35,8,11
1234,1,3,7,13,29,2,10
1235,4,10,18,24,27,4,11
1236,2,3,20,31,35,4,8
1237,2,9,11,22,25,1,7
1238,3,9,12,17,18,4,12
1239,4,6,13,16,34,4,10
1240,19,20,21,31,33,9,10
1241,9,26,27,30,34,1,6
1242,1,12,21,27,33,4,9
1243,13,14,26,27,33,10,12
1244,3,19,21,31,34,5,12
1245,1,16,17,22,28,2,9
1246,19,24,26,28,33,1,2
1247,1,9,17,23,24,4,5
1248,14,20,29,30,32,3,8
1249,3,4,10,13,17,5,9
1250,8,15,28,31,33,3,6
1251,14,16,19,25,29,10,12
1252,10,20,21,32,34,6,7
1253,2,3,4,6,16,3,12
1254,5,9,11,15,32,4,9
1255,2,5,15,17,22,1,11
1256,5,15,28,31,34,11,12
1257,5,12,18,20,27,10,12
1258,6,9,11,17,21,6,8
1259,2,7,28,29,30,3,7
1260,2,14,21,27,34,5,8
1261,16,17,25,26,27,2,4
1262,2,3,10,11,29,3,7
1263,8,14,26,34,35,5,10
1264,3,9,12,18,21,2,6
1265,4,16,17,26,27,1,4
1266,9,14,21,27,33,6,9
1267,9,12,14,22,25,5,10
1268,9,15,18,23,32,5,7
1269,6,12,17,18,32,7,12
1270,11,14,15,33,34,3,12
1271,7,9,15,25,34,4,10
1272,16,19,25,30,34,4,9
1273,8,9,15,21,27,5,9
1274,2,11,13,22,30,2,3
1275,3,23,25,28,29,6,7
1276,1,13,16,26,31,7,12
1277,1,6,11,22,31,3,12
1278,2,7,10,22,30,7,11
1279,7,8,16,24,28,3,10
1280,4,5,15,19,28,4,11
1281,1,14,21,29,33,2,10
1282,9,18,24,31,34,2,10
1283,8,12,13,14,16,3,9
1284,7,10,19,24,33,3,7
1285,6,17,20,30,33,10,11
1286,3,7,20,24,31,4,9
1287,1,8,12,16,21,6,11
1288,1,9,15,24,32,5,10
1289,2,4,17,27,28,4,6
1290,11,13,15,26,35,6,11
1291,4,15,27,29,30,2,10
1292,4,6,12,31,32,3,6
1293,2,3,15,17,28,8,10
1294,4,5,8,9,21,3,6
1295,9,11,14,19,30,3,8
1296,10,12,23,30,32,3,4
1297,1,6,23,25,29,3,9
1298,17,25,31,32,34,2,12
1299,11,17,19,20,27,2,3
1300,3,8,14,18,27,1,5
1301,3,7,8,25,30,4,8
1302,1,2,6,15,35,4,7
1303,5,16,20,25,29,6,8
1304,5,20,23,29,32,2,10
1305,14,17,21,23,26,8,11
1306,1,16,20,29,32,4,7
1307,2,3,5,25,32,5,7
1308,1,11,15,26,35,6,11
1309,2,4,15,19,31,2,3
1310,12,14,22,26,30,3,6
1311,9,20,31,33,35,10,11
1312,1,9,24,26,29,6,11
1313,6,7,20,29,32,11,12
1314,4,15,19,27,31,4,11
1315,1,2,13,18,19,8,10
1316,8,11,27,31,33,8,9
1317,4,6,10,12,28,2,8
1318,4,13,18,25,33,3,7
1319,15,16,18,30,35,1,7
1320,4,5,22,29,35,2,11
1321,1,7,22,27,33,2,11
1322,1,7,19,20,30,5,10
1323,7,12,18,25,35,7,9
1324,4,12,17,22,26,6,7
1325,10,20,23,32,35,9,10
1326,6,9,12,15,20,8,11
1327,14,16,17,22,24,2,9
1328,2,5,14,32,35,1,3
1329,5,12,31,34,35,4,5
1330,5,8,10,17,20,2,12
1331,12,13,15,16,28,2,5
1332,2,8,10,15,23,5,10
1333,5,7,11,23,28,3,12
1334,3,21,23,31,35,2,11
1335,6,8,21,24,27,2,10
1336,1,4,10,13,30,3,9
1337,3,10,22,29,32,2,5
1338,11,18,24,28,29,5,10
1339,5,10,13,27,33,8,11
1340,4,11,15,20,26,8,9
1341,1,16,22,29,30,2,9
1342,1,4,9,10,35,9,11
1343,4,18,21,30,35,2,11
1344,4,9,14,25,27,6,11
1345,1,2,11,15,18,4,8
1346,3,6,13,23,24,7,10
1347,2,6,29,30,34,1,7
1348,6,11,13,15,28,2,6
1349,13,18,20,23,31,3,6
1350,20,26,27,29,32,5,12
1351,10,19,21,29,33,4,6
1352,3,14,24,27,29,4,11
1353,5,9,14,20,33,5,12
1354,3,14,15,31,35,9,10
1355,14,18,31,32,35,9,10
1356,17,22,24,25,29,9,12
1357,7,15,26,30,31,3,6
1358,3,5,13,24,34,3,5
1359,3,7,9,15,33,5,12
1360,1,8,16,22,28,4,5
1361,20,22,29,30,35,1,6
1362,12,23,24,27,34,3,6
1363,2,6,8,19,24,1,6
1364,1,9,16,33,34,9,12
1365,1,6,10,20,31,5,11
1366,7,11,25,30,33,2,8
1367,3,19,22,32,34,8,12
1368,2,3,23,29,32,5,9
1369,4,12,17,25,27,4,10
1370,3,4,5,27,33,4,9
1371,7,17,21,29,35,4,5
1372,16,21,23,24,32,7,8
1373,8,14,19,20,33,10,11
1374,4,13,15,30,35,3,5
1375,2,5,9,21,30,6,7
1376,6,21,27,30,34,4,9
1377,10,12,14,31,35,4,5
1378,8,17,19,23,30,3,8
1379,2,15,17,23,28,5,9
1380,2,10,27,28,33,5,7
1381,2,6,22,27,34,8,11
1382,9,15,17,21,23,7,12
1383,2,10,14,15,35,1,9
1384,8,12,22,27,35,5,9
1385,1,2,10,18,35,5,11
1386,1,9,18,22,24,11,12
1387,10,28,29,31,33,5,11
1388,2,8,11,13,19,2,8
1389,5,7,22,26,34,7,12
1390,14,17,19,23,30,2,9
1391,2,9,13,19,23,5,7
1392,8,15,19,20,33,7,12
1393,16,20,24,26,31,4,9
1394,7,14,17,24,27,8,10
1395,1,5,7,11,14,3,8
1396,3,7,17,22,31,8,12
1397,3,8,10,17,31,5,6
1398,9,11,14,16,35,2,5
1399,7,18,29,31,35,5,11
1400,7,14,15,20,27,5,10
1401,15,20,29,30,33,7,12
1402,6,7,18,21,33,3,8
1403,3,8,23,28,29,2,7
1404,1,5,9,33,35,1,5
1405,8,12,15,26,35,1,8
1406,14,15,27,31,32,1,7
1407,3,5,22,25,30,7,9
1408,3,16,17,23,25,7,9
1409,4,6,17,21,30,6,11
1410,7,14,17,28,34,7,10
1411,4,6,8,28,32,7,12
1412,8,13,17,21,22,2,8
1413,2,13,31,33,34,7,11
1414,1,8,14,30,35,6,7
1415,1,14,16,17,18,5,7
1416,8,12,18,19,21,3,6
1417,1,6,8,12,21,5,10
1418,6,8,18,31,33,10,12
1419,8,9,11,20,29,4,5
1420,3,4,12,14,27,1,5
1421,8,12,19,26,30,2,12
1422,4,6,28,33,35,7,12
1423,3,5,6,34,35,3,12
1424,5,14,20,23,29,3,11
1425,1,20,22,23,30,6,7
1426,8,11,31,34,35,1,2
1427,3,21,30,33,35,1,4
1428,2,6,19,24,26,4,6
1429,10,17,22,23,25,7,9
1430,3,25,28,31,34,11,12
1431,7,20,21,23,30,7,10
1432,4,9,22,26,27,2,12
1433,7,22,23,31,32,4,5
1434,10,11,17,30,34,3,12
1435,16,17,20,32,33,3,7
1436,1,4,15,31,34,2,11
1437,4,6,8,19,34,10,12
1438,3,9,14,16,23,2,9
1439,12,15,18,24,29,3,11
1440,2,3,9,21,22,5,10
1441,3,10,20,32,34,4,7
1442,4,5,8,15,20,1,6
1443,1,3,12,14,29,2,6
1444,4,5,13,20,32,1,10
1445,4,13,24,26,29,8,11
1446,6,7,8,28,30,1,2
1447,11,13,16,19,24,6,8
1448,1,5,15,24,26,9,10
1449,17,20,22,30,33,7,8
1450,7,8,19,30,35,8,9
1451,11,23,32,33,34,1,12
1452,6,13,25,28,30,2,7
1453,4,18,19,22,35,1,2
1454,1,4,5,23,28,5,9
1455,1,3,31,32,34,2,7
1456,1,10,12,18,35,1,12
1457,5,6,7,19,23,4,11
1458,7,20,23,29,34,2,10
1459,12,13,16,29,35,5,11
1460,13,21,30,31,35,1,8
1461,12,16,23,29,34,4,11
1462,2,6,7,19,28,11,12
1463,1,6,17,23,26,6,12
1464,4,6,22,27,31,6,7
1465,4,5,13,22,31,5,10
1466,1,9,11,17,28,3,8
1467,21,22,25,29,34,1,11
1468,7,19,20,28,30,4,12
1469,5,14,15,23,25,6,8
1470,1,2,3,12,33,4,9
1471,1,10,18,24,29,7,10
1472,4,7,11,14,21,5,12
1473,8,17,22,24,30,5,11
1474,13,18,25,29,35,3,11
1475,6,16,17,21,29,4,6
1476,7,9,20,31,33,8,10
1477,7,12,14,31,34,9,11
1478,3,5,6,13,22,9,12
1479,5,8,11,28,31,6,7
1480,5,9,20,26,35,2,11
1481,4,6,23,32,33,5,6
1482,8,11,17,25,27,2,4
1483,3,4,9,25,32,2,4
1484,5,6,8,12,22,3,4
1485,4,10,13,18,35,1,2
1486,5,15,21,29,34,6,9
1487,4,5,24,26,35,7,12
1488,5,12,17,30,34,11,12
1489,4,8,15,24,25,2,5
1490,1,7,19,27,34,1,2
1491,3,13,28,30,33,9,10
1492,4,19,24,26,29,4,6
1493,6,7,10,17,23,1,9
1494,2,6,14,23,25,2,10
1495,16,21,24,27,28,4,7
1496,1,15,17,20,26,6,8
1497,2,3,9,17,24,6,12
1498,5,8,12,24,34,7,10
1499,21,23,29,32,35,11,12
1500,10,16,19,20,34,4,5
1501,10,14,19,25,32,2,7
1502,8,17,25,33,34,3,11
1503,6,18,22,23,33,9,11
1504,1,6,14,17,29,1,11
1505,21,22,24,29,34,5,6
1506,2,16,17,30,32,2,9
1507,2,13,14,18,29,3,9
1508,15,22,23,25,34,5,11
1509,6,12,21,26,29,2,11
1510,14,17,22,30,33,7,12
1511,1,4,9,18,33,2,5
1512,13,15,16,32,34,6,11
1513,4,5,13,18,27,3,9
1514,5,6,14,17,26,3,8
1515,4,6,10,23,29,9,11
1516,2,4,6,25,31,5,9
1517,2,17,31,33,34,1,7
1518,6,13,22,25,35,9,12
1519,11,16,17,18,25,2,9
1520,1,8,11,21,35,9,12
1521,4,17,20,23,30,2,3
1522,15,19,32,33,34,9,12
1523,7,9,13,15,19,3,10
1524,9,12,14,22,31,5,8
1525,12,14,17,20,28,2,6
1526,14,17,18,22,29,10,11
1527,3,19,24,28,33,4,12
1528,6,19,20,22,26,1,11
1529,16,29,30,32,33,4,5
1530,19,20,22,30,33,3,9
1531,1,4,24,27,32,3,10
1532,12,16,19,23,24,2,5
1533,14,18,20,21,28,3,6
1534,8,11,13,15,17,3,10
1535,9,15,20,26,31,5,12
1536,10,19,23,25,30,2,4
1537,1,4,6,8,28,8,12
1538,18,21,22,24,29,5,11
1539,1,8,20,27,30,3,4
1540,5,11,12,19,28,5,12
1541,11,15,23,26,30,2,11
1542,10,17,18,32,35,10,11
1543,7,8,19,24,27,6,7
1544,10,16,20,23,32,8,11
1545,6,16,18,26,30,2,3
1546,1,4,11,14,33,5,7
1547,1,3,29,32,34,2,5
1548,7,18,28,31,33,1,2
1549,8,10,11,13,17,8,11
1550,5,11,16,18,35,1,6
1551,2,7,25,30,35,7,12
1552,1,3,4,25,31,6,9
1553,4,5,27,31,34,3,6
1554,1,17,19,32,33,2,11
1555,8,10,21,30,31,2,5
1556,2,12,15,20,34,1,6
1557,5,13,20,21,25,8,9
1558,2,5,14,22,34,3,9
1559,6,11,14,21,31,9,12
1560,9,13,14,25,30,2,5
1561,12,15,18,22,31,1,8
1562,3,14,21,29,35,2,6
1563,5,28,31,34,35,8,9
1564,3,5,6,15,18,3,10
1565,3,6,15,22,35,9,11
1566,1,5,7,16,19,3,12
1567,3,7,9,17,34,4,5
1568,5,6,17,21,29,2,4
1569,3,5,8,29,33,4,8
1570,15,32,33,34,35,3,12
1571,3,7,9,17,28,4,12
1572,7,14,19,22,34,7,12
1573,6,9,17,30,35,10,11
1574,8,9,17,18,24,3,7
1575,2,5,18,19,31,1,9
1576,5,15,21,25,29,5,8
1577,1,12,23,24,29,8,12
1578,4,19,20,24,29,3,4
1579,9,11,22,27,30,9,11
1580,4,15,22,24,32,2,9
1581,9,12,18,23,29,2,4
1582,4,10,19,25,27,6,12
1583,1,4,15,21,22,4,9
1584,6,9,19,26,34,5,7
1585,10,14,20,21,35,2,5
1586,2,14,17,26,34,8,12
1587,5,6,20,31,32,6,12
1588,5,8,17,18,23,4,12
1589,6,7,12,18,23,1,12
1590,14,19,20,25,31,6,8
1591,2,27,30,32,33,1,3
1592,5,7,9,24,32,8,10
1593,2,7,16,20,33,3,11
1594,5,7,13,29,35,3,8
1595,8,15,24,26,27,5,6
1596,1,6,12,26,31,1,7
1597,3,12,18,29,34,3,11
1598,3,15,23,26,32,1,12
1599,3,29,30,32,35,3,8
1600,7,11,18,26,28,4,5
1601,3,4,13,24,33,1,11
1602,2,15,18,21,22,3,10
1603,9,11,13,18,33,2,3
1604,5,17,20,32,33,4,9
1605,5,18,28,33,34,3,4
1606,3,5,8,19,34,1,12
1607,11,17,23,26,27,1,10
1608,15,17,19,32,33,1,3
1609,7,18,19,32,34,2,10
1610,1,12,15,19,22,2,4
1611,1,11,20,21,22,3,4
1612,1,20,22,28,29,5,7
1613,4,7,9,20,25,2,11
1614,2,6,19,25,32,9,12
1615,10,16,25,26,29,1,5
1616,2,8,21,22,29,3,5
1617,1,5,16,19,28,2,10
1618,6,9,24,29,32,2,7
1619,3,21,23,29,32,10,11
1620,4,7,17,18,19,3,10
1621,1,5,11,14,35,9,10
1622,5,16,17,25,34,1,11
1623,19,27,31,32,35,11,12
1624,10,18,19,25,26,4,12
1625,3,6,10,13,18,9,11
1626,5,6,23,28,32,4,5
1627,2,4,7,23,28,2,8
1628,1,9,24,26,34,9,12
1629,1,13,22,25,35,3,4
1630,12,20,23,27,34,1,6
1631,4,21,23,24,30,9,10
1632,4,9,22,28,30,1,10
1633,4,9,23,24,30,8,11
1634,19,20,30,32,33,3,5
1635,3,4,28,31,34,4,11
1636,9,15,17,20,22,10,11
1637,10,12,28,30,34,3,4
1638,24,25,26,28,29,4,12
1639,3,13,15,23,26,1,10
1640,3,22,24,29,34,7,11
1641,8,24,31,33,35,7,10
1642,14,16,18,24,31,1,8
1643,4,13,15,18,29,5,11
1644,1,2,12,13,23,9,12
1645,4,19,21,23,31,4,9
1646,6,8,13,24,28,6,12
1647,10,11,19,21,28,5,12
1648,1,10,13,14,21,9,12
1649,5,6,8,9,15,4,11
1650,2,10,19,33,35,5,6
1651,12,13,18,21,29,2,8
1652,2,16,24,30,32,4,7
1653,7,8,9,15,34,7,8
1654,1,2,3,4,30,3,5
1655,1,18,20,21,26,4,11
1656,4,19,25,30,35,4,7
1657,3,9,21,25,29,1,8
1658,5,18,21,28,32,9,11
1659,3,8,13,17,23,5,11
1660,7,10,17,32,35,5,12
1661,2,3,19,23,34,4,9
1662,8,11,22,27,32,3,7
1663,5,7,10,12,24,7,11
1664,11,17,18,21,27,7,8
1665,1,3,27,30,31,2,11
1666,14,23,25,31,32,1,3
1667,2,7,14,29,32,10,11
1668,5,7,18,27,31,1,8
1669,1,23,25,31,33,1,12
1670,3,19,25,29,35,5,9
1671,3,6,13,28,33,4,11
1672,2,4,6,18,21,5,8
1673,2,5,20,30,35,5,9
1674,10,20,22,29,32,5,10
1675,3,8,10,14,20,4,8
1676,2,3,11,20,25,2,7
1677,4,7,9,10,13,6,12
1678,22,24,26,34,35,6,12
1679,9,18,28,29,35,3,11
1680,5,16,18,19,25,2,7
1681,11,16,21,23,25,2,12
1682,9,10,12,20,30,1,7
1683,3,7,20,33,34,9,10
1684,2,4,16,28,34,5,7
1685,13,19,22,27,28,5,6
1686,9,11,12,26,32,4,10
1687,1,9,10,27,35,6,11
1688,4,22,27,29,31,2,10
1689,4,10,12,28,31,8,11
1690,12,14,19,23,35,2,7
1691,5,14,15,32,34,3,10
1692,1,3,4,11,29,2,4
1693,7,10,28,31,32,8,10
1694,1,20,23,32,33,1,4
1695,3,7,12,18,31,7,10
1696,8,12,16,26,33,5,6
1697,1,8,13,21,24,2,11
1698,2,5,10,16,30,4,7
1699,2,5,23,30,31,3,9
1700,5,12,17,24,26,1,2
1701,13,19,24,25,29,2,8
1702,3,9,12,28,30,4,12
1703,1,6,12,20,34,4,12
1704,7,18,28,29,32,6,8
1705,1,6,9,15,26,8,9
1706,7,11,12,22,30,3,6
1707,3,4,10,27,29,1,5
1708,7,16,24,26,31,10,11
1709,2,10,13,21,35,1,12
1710,1,2,14,17,18,8,10
1711,7,12,25,27,28,10,11
1712,6,11,17,22,35,11,12
1713,1,2,14,25,31,5,7
1714,16,22,24,29,31,4,5
1715,3,14,19,23,25,1,4
1716,8,9,21,25,33,1,8
1717,26,27,28,32,34,6,10
1718,6,20,24,33,34,4,11
1719,6,22,26,28,31,1,7
1720,5,7,14,18,19,4,10
1721,3,11,16,18,33,3,11
1722,11,16,25,30,34,8,10
1723,7,14,18,29,35,5,12
1724,13,14,20,28,34,6,10
1725,10,12,14,18,23,1,4
1726,2,15,18,25,27,5,7
1727,12,13,16,20,21,1,7
1728,6,20,21,26,30,6,9
1729,3,14,15,23,29,4,5
1730,6,7,13,22,24,10,12
1731,14,24,26,28,35,2,3
1732,1,13,14,26,28,7,11
1733,1,16,19,20,31,2,7
1734,4,14,17,24,31,1,4
1735,7,8,9,10,22,3,4
1736,9,10,24,31,32,7,12
1737,10,16,23,25,34,2,5
1738,6,19,21,27,28,3,11
1739,3,16,27,28,32,4,5
1740,3,7,8,9,29,9,10
1741,8,12,27,31,33,4,8
1742,12,18,26,28,29,5,6
1743,2,6,13,18,25,1,2
1744,1,14,17,21,33,7,10
1745,7,11,13,22,29,3,8
1746,4,5,14,21,34,6,9
1747,6,9,11,16,35,2,5
1748,21,22,25,27,30,8,9
1749,6,7,21,29,30,1,10
1750,8,9,21,30,31,5,12
1751,6,9,29,32,35,2,4
1752,8,10,12,19,20,10,11
1753,7,16,20,21,34,4,6
1754,11,13,15,21,27,5,6
1755,1,3,4,11,29,8,12
1756,11,12,14,16,26,8,9
1757,4,7,21,22,29,3,6
1758,3,4,16,18,25,1,11
1759,12,14,21,32,33,2,11
1760,3,16,22,23,27,1,4
1761,8,12,14,15,19,1,10
1762,4,5,19,31,35,2,12
1763,14,19,23,27,34,6,12
1764,3,11,12,19,21,5,11
1765,7,10,22,23,33,8,11
1766,1,23,24,28,33,4,5
1767,5,11,16,28,35,6,9
1768,1,6,8,12,15,3,4
1769,3,7,23,26,33,4,9
1770,19,24,28,29,34,10,11
1771,4,7,20,22,33,1,2
1772,6,17,18,24,31,7,11
1773,9,18,29,31,33,6,11
1774,3,8,9,13,33,1,2
1775,1,11,26,33,35,2,10
1776,2,6,24,33,34,2,3
1777,1,7,10,11,20,3,6
1778,5,12,13,31,34,10,12
1779,4,8,18,29,30,3,7
1780,2,4,5,12,28,8,11
1781,3,6,7,8,21,1,8
1782,14,22,23,26,30,3,5
1783,6,18,23,26,28,3,12
1784,2,7,14,22,31,1,7
1785,4,8,18,20,32,10,12
1786,15,16,17,31,32,3,9
1787,21,26,27,29,34,5,6
1788,14,17,19,25,30,4,8
1789,3,12,16,29,32,1,5
1790,3,8,17,20,24,6,11
1791,3,9,15,18,26,6,12
1792,3,7,24,25,27,2,12
1793,4,12,13,16,17,4,9
1794,5,9,17,18,19,7,10
1795,8,10,15,17,18,1,8
1796,12,14,20,28,31,9,11
1797,2,5,10,13,30,4,6
1798,3,5,13,16,28,2,6
1799,1,5,7,22,25,3,4
1800,3,18,19,26,34,6,12
1801,4,11,19,25,32,1,2
1802,1,8,16,27,34,3,12
1803,7,13,17,24,33,1,10
1804,1,4,14,15,21,1,5
1805,1,3,14,26,30,6,11
1806,11,17,19,29,33,8,9
1807,6,13,16,19,29,3,7
1808,10,12,15,17,19,2,3
1809,16,18,24,25,27,2,7
1810,6,22,28,29,33,2,7
1811,1,4,18,24,28,2,3
1812,7,9,13,14,33,2,4
1813,3,8,21,26,33,4,5
1814,1,4,7,11,30,7,8
1815,1,2,4,16,24,7,9
1816,8,12,15,27,30,1,2
1817,1,3,5,7,18,8,9
1818,3,9,21,28,30,1,12
1819,6,16,26,33,35,4,8
1820,5,11,16,18,27,7,12
1821,1,12,18,26,35,6,12
1822,1,3,31,32,34,1,3
1823,12,19,20,22,28,2,6
1824,4,10,13,28,33,11,12
1825,2,6,7,12,15,6,12
1826,3,6,10,12,31,1,2
1827,1,4,16,19,33,3,12
1828,2,8,14,15,35,10,12
1829,3,4,10,16,32,4,9
1830,6,10,16,29,33,5,11
1831,10,16,22,26,27,7,11
1832,4,15,16,20,35,3,12
1833,11,15,16,20,29,4,8
1834,4,10,15,20,24,7,11
1835,1,11,19,26,35,11,12
1836,2,18,23,27,30,5,10
1837,2,4,6,19,22,2,6
1838,1,7,10,12,23,6,8
1839,8,14,16,34,35,6,12
1840,3,10,13,14,32,7,11
1841,7,8,15,27,32,8,12
1842,1,11,12,18,21,8,10
1843,1,2,13,14,26,5,11
1844,5,16,23,25,28,1,12
1845,5,8,15,18,21,4,8
1846,7,8,13,19,29,11,12
1847,3,8,10,23,27,2,12
1848,4,10,11,18,31,5,8
1849,3,8,11,15,16,2,10
1850,4,5,8,17,27,6,11
1851,8,22,23,33,34,4,6
1852,2,13,15,22,34,2,12
1853,7,13,14,15,22,7,11
1854,2,4,6,9,18,7,10
1855,4,11,19,20,24,8,11
1856,8,9,13,14,34,5,7
1857,5,6,7,11,16,2,11
1858,1,6,11,23,29,1,11
1859,1,15,17,21,33,7,10
1860,5,10,21,26,30,1,7
1861,10,13,16,28,35,4,5
1862,5,13,18,19,24,2,7
1863,6,24,26,30,33,2,7
1864,6,18,20,21,31,3,4
1865,17,24,26,28,32,7,9
1866,12,23,25,34,35,1,7
1867,4,5,6,15,26,8,11
1868,5,15,16,28,31,2,7
1869,5,6,18,19,27,7,12
1870,1,5,18,27,33,6,8
1871,9,14,18,33,34,3,12
1872,13,19,28,30,33,2,12
1873,4,13,20,26,28,3,12
1874,2,11,15,27,30,2,5
1875,16,17,26,29,35,1,7
1876,1,12,14,26,27,7,9
1877,3,12,17,19,31,2,6
1878,2,12,22,23,27,2,6
1879,10,17,20,30,35,10,12
1880,13,15,17,19,22,3,4
1881,4,6,18,27,33,7,9
1882,5,8,12,19,21,6,11
1883,5,11,18,19,27,5,6
1884,5,10,15,19,31,3,6
1885,5,12,22,27,32,4,7
1886,2,7,19,22,28,3,5
1887,1,4,9,14,17,1,6
1888,5,8,10,32,35,2,10
1889,5,9,19,27,35,2,3
1890,24,27,28,31,34,4,8
1891,2,7,8,20,25,11,12
1892,1,19,23,24,30,4,5
1893,6,15,20,23,27,8,10
1894,3,10,16,21,33,5,6
1895,3,11,27,34,35,1,2
1896,3,5,7,20,23,4,11
1897,1,18,21,28,32,5,12
1898,2,10,16,21,23,2,12
1899,1,18,21,25,35,7,8
1900,2,3,13,19,26,2,3
1901,3,6,9,23,34,2,11
1902,6,15,17,22,25,1,9
1903,1,2,3,7,17,4,10
1904,5,19,25,31,33,10,11
1905,3,13,15,26,30,5,12
1906,7,17,26,27,30,6,12
1907,5,8,9,14,34,2,5
1908,5,9,16,18,30,4,7
1909,4,7,8,11,16,9,11
1910,20,21,25,34,35,3,12
1911,10,13,18,23,30,6,12
1912,1,13,20,21,26,4,10
1913,5,6,14,27,29,6,10
1914,3,5,6,13,18,10,12
1915,3,12,24,27,34,1,12
1916,5,6,7,14,17,10,11
1917,4,5,19,25,26,1,11
1918,3,16,20,26,29,3,9
1919,3,5,12,13,26,7,12
1920,4,6,7,20,29,2,4
1921,1,5,7,8,11,6,10
1922,3,7,8,25,27,3,5
1923,2,10,20,21,35,1,12
1924,3,4,26,29,33,6,7
1925,4,22,23,24,32,6,12
1926,2,5,20,28,31,2,11
1927,5,9,19,22,32,3,5
1928,10,11,26,33,34,1,6
1929,9,12,19,22,33,7,8
1930,3,4,7,11,30,8,9
1931,1,2,7,33,35,6,10
1932,7,11,12,16,33,5,7
1933,17,25,26,32,34,4,7
1934,3,7,18,25,30,2,7
1935,23,25,26,30,34,3,7
1936,17,20,21,29,30,5,9
1937,6,10,33,34,35,1,3
1938,9,22,25,31,32,8,12
1939,2,10,19,24,30,5,8
1940,14,17,19,24,32,1,6
1941,19,29,31,34,35,6,10
1942,1,8,13,24,32,2,9
1943,2,13,19,22,23,2,7
1944,1,6,18,32,34,1,3
1945,1,4,5,11,35,3,9
1946,3,7,9,17,21,3,6
1947,1,7,23,24,26,3,7
1948,4,8,19,31,35,1,2
1949,1,6,7,9,10,2,11
1950,9,14,16,24,26,4,12
1951,1,12,22,23,33,1,12
1952,8,10,12,26,32,5,9
1953,10,12,24,31,33,4,9
1954,4,14,20,28,35,2,3
1955,4,11,23,26,30,1,6
1956,3,5,6,24,30,3,7
1957,2,14,21,22,26,5,7
1958,3,15,26,32,34,8,12
1959,4,7,20,25,32,3,9
1960,4,5,28,34,35,1,8
1961,11,14,17,22,30,7,9
1962,1,8,17,27,30,5,6
1963,1,2,5,15,21,4,5
1964,2,3,9,16,32,3,4
1965,7,19,20,31,34,5,8
1966,11,13,20,27,31,2,4
1967,10,11,22,26,28,2,4
1968,1,5,11,12,26,2,7
1969,1,4,10,11,14,2,5
1970,4,15,20,22,24,1,9
1971,1,5,15,22,31,2,9
1972,2,17,20,28,29,1,7
1973,7,13,20,29,34,4,7
1974,3,4,5,11,22,5,6
1975,12,13,17,31,32,1,6
1976,1,3,22,28,30,2,5
1977,2,9,16,23,27,3,8
1978,15,24,27,30,34,4,12
1979,4,18,27,28,30,3,10
1980,3,9,10,15,16,7,9
1981,3,11,15,22,30,8,10
1982,3,14,16,22,34,2,6
1983,2,7,9,19,33,1,7
1984,9,11,26,28,35,6,7
1985,2,15,18,21,27,3,6
1986,11,14,15,19,20,3,7
1987,3,4,12,18,34,10,12
1988,3,11,25,29,34,3,6
1989,17,20,21,22,31,2,8
1990,1,15,19,26,27,5,10
1991,1,15,22,28,32,3,11
1992,12,14,25,34,35,3,12
1993,7,8,12,21,26,1,6
1994,1,5,14,23,31,2,7
1995,11,18,20,21,33,6,7
1996,5,10,23,34,35,1,11
1997,13,15,26,32,33,5,7
1998,6,14,21,34,35,3,10
1999,1,8,14,16,28,4,10
2000,15,20,23,26,33,2,8
2001,5,7,26,30,31,7,10
2002,1,22,30,31,32,4,12
2003,1,12,16,28,33,3,12
2004,11,15,18,20,27,5,6
2005,4,10,12,23,27,8,9
2006,3,9,10,12,21,4,11
2007,2,9,10,21,35,1,7
2008,1,8,18,28,30,10,12
2009,17,23,28,29,32,1,3
2010,14,18,20,28,34,10,11
2011,4,16,24,29,35,2,12
2012,3,6,22,24,25,9,10
2013,1,13,15,32,35,8,10
2014,2,11,12,21,34,4,8
2015,1,2,17,32,34,4,9
2016,2,10,20,24,31,6,12
2017,3,4,11,15,28,2,3
2018,8,11,15,20,28,4,10
2019,1,4,20,23,29,4,8
2020,2,7,23,26,35,1,12
2021,13,16,20,22,27,1,2
2022,5,6,27,28,29,11,12
2023,12,16,20,23,31,5,12
2024,8,11,17,31,35,7,11
2025,6,14,25,27,28,4,11
2026,4,6,7,8,16,2,8
2027,2,18,25,26,32,2,7
2028,7,8,10,25,28,3,11
2029,5,25,27,30,34,6,12
2030,4,9,15,24,35,4,10
2031,2,3,11,15,27,4,12
2032,4,5,8,22,33,7,10
2033,3,4,5,9,34,7,9
2034,7,11,18,20,29,9,12
2035,7,12,13,19,23,2,8
2036,3,12,23,26,30,4,7
2037,3,8,12,13,22,4,12
2038,2,3,11,14,27,4,10
2039,1,4,13,17,28,3,7
2040,2,3,6,7,33,8,9
2041,2,20,21,23,32,6,12
2042,11,16,20,21,28,5,11
2043,5,7,9,20,28,2,7
2044,8,11,13,30,32,2,6
2045,6,14,18,28,33,2,5
2046,10,12,21,24,30,3,7
2047,1,9,18,19,23,1,9
2048,8,10,12,16,22,3,9
2049,7,19,20,23,24,5,10
2050,1,9,15,30,33,4,9
2051,14,22,24,28,32,7,8
2052,5,25,26,30,35,4,10
2053,9,17,27,28,35,3,8
2054,8,19,29,34,35,6,11
2055,1,7,11,15,21,4,11
2056,11,15,24,26,35,4,5
2057,1,2,3,8,22,1,4
2058,1,4,9,22,28,4,12
2059,1,4,17,18,26,3,10
2060,9,12,13,26,33,4,10
2061,10,22,27,33,34,1,11
2062,16,17,23,26,32,2,12
2063,8,25,27,29,35,2,3
2064,3,15,16,17,21,7,10
2065,11,24,26,33,35,8,9
2066,8,11,13,22,25,4,7
2067,2,6,12,19,33,8,9
2068,2,16,26,31,34,9,11
2069,7,21,28,31,35,4,10
2070,5,10,17,23,28,2,8
2071,3,7,10,12,35,3,5
2072,4,22,25,28,35,4,5
2073,5,23,30,34,35,8,10
2074,5,19,20,27,33,3,8
2075,1,3,20,29,32,5,12
2076,1,5,16,22,34,8,11
2077,6,9,11,14,21,1,3
2078,6,12,20,23,33,1,9
2079,21,27,28,30,34,8,11
2080,7,13,20,27,29,4,9
2081,4,8,17,19,25,1,7
2082,8,9,10,19,34,1,2
2083,17,21,26,29,32,2,7
2084,2,20,23,26,34,5,10
2085,1,12,13,28,29,3,4
2086,7,21,22,30,33,4,6
2087,16,18,29,33,35,9,12
2088,2,12,22,30,33,2,4
2089,7,9,13,16,32,2,9
2090,11,14,21,24,31,2,10
2091,17,18,23,30,31,10,12
2092,7,11,20,24,27,1,11
2093,9,21,22,26,30,4,12
2094,2,3,5,17,29,4,10
2095,2,6,10,32,33,4,7
2096,18,23,25,26,32,2,7
2097,1,4,19,20,34,3,5
2098,1,11,14,34,35,7,10
2099,1,3,5,30,32,1,5
2100,8,10,14,25,34,7,8
2101,5,11,16,30,32,3,4
2102,8,17,25,28,33,7,11
2103,10,21,27,29,33,4,12
2104,9,11,20,29,32,1,7
2105,4,12,14,21,35,2,11
2106,2,3,9,16,19,3,7
2107,2,5,9,11,32,4,9
2108,9,15,20,23,29,4,5
2109,7,12,17,19,34,1,10
2110,6,18,31,33,35,10,11
2111,1,4,6,11,19,7,9
2112,6,8,12,14,18,6,8
2113,1,6,9,25,33,4,8
2114,4,7,17,21,27,10,12
2115,1,10,22,23,25,2,12
2116,9,22,32,33,35,5,10
2117,1,4,14,16,19,3,4
2118,2,11,13,14,30,9,12
2119,3,6,15,17,35,7,11
2120,3,6,17,20,25,3,9
2121,3,6,10,11,24,10,11
2122,3,11,16,21,26,9,10
2123,5,7,19,20,28,5,7
2124,13,15,17,23,34,1,11
2125,4,16,27,28,35,2,9
2126,9,13,25,31,33,3,7
2127,15,19,20,26,32,4,7
2128,4,6,23,32,34,5,7
2129,5,9,14,29,30,9,11
2130,1,17,19,32,34,6,10
2131,23,25,30,31,35,7,8
2132,24,26,29,34,35,9,11
2133,1,4,22,23,34,8,9
2134,2,20,21,26,30,2,10
2135,1,3,24,32,33,4,6
2136,3,20,21,22,24,6,12
2137,8,11,16,29,35,1,4
2138,2,3,15,22,26,3,11
2139,8,12,14,20,24,6,10
2140,11,14,18,20,25,3,7
2141,6,14,15,17,20,1,5
2142,6,13,22,25,26,2,4
2143,2,6,9,21,25,6,8
2144,2,8,17,19,25,1,5
2145,6,14,19,26,33,8,11
2146,15,16,20,29,30,6,10
2147,5,13,24,29,35,7,8
2148,1,14,22,29,33,3,10
2149,7,9,11,26,35,1,8
2150,2,10,14,30,33,6,9
2151,1,12,15,26,35,10,11
2152,2,3,7,16,17,6,10
2153,10,14,15,25,28,3,10
2154,2,14,31,34,35,1,7
2155,1,17,24,28,35,10,12
2156,6,7,19,26,32,6,12
2157,1,4,10,21,29,3,5
2158,12,14,27,28,34,3,7
2159,20,25,27,28,31,8,11
2160,5,6,24,27,33,5,12
2161,10,15,19,20,30,11,12
2162,7,8,10,20,21,1,5
2163,11,26,30,31,33,3,10
2164,2,7,21,27,33,7,9
2165,15,19,27,28,30,3,4
2166,7,11,23,26,28,2,7
2167,13,18,19,27,32,6,11
2168,2,8,11,16,23,2,7
2169,4,10,23,30,31,5,11
2170,23,25,26,30,33,3,11
2171,7,10,11,17,18,4,9
2172,2,13,14,32,34,2,12
2173,3,5,13,20,25,7,11
2174,5,19,22,26,35,2,6
2175,3,4,7,27,31,6,9
2176,11,14,29,31,32,11,12
2177,7,8,15,19,28,8,9
2178,18,21,22,23,35,11,12
2179,17,18,25,27,28,4,8
2180,8,9,13,29,30,1,11
2181,8,13,19,20,29,6,10
2182,4,25,28,29,35,3,11
2183,11,18,21,22,33,5,6
2184,14,17,18,28,34,2,3
2185,1,2,9,16,30,9,10
2186,5,10,21,25,31,5,11
2187,2,15,19,29,30,2,9
2188,14,15,26,27,29,4,5
2189,8,23,26,27,33,8,9
2190,10,17,22,25,35,7,9
2191,17,19,21,27,31,4,9
2192,1,11,12,34,35,9,12
2193,1,2,15,17,26,2,11
2194,14,17,18,23,27,5,8
2195,2,16,17,18,34,4,10
2196,2,3,14,27,28,5,10
2197,6,8,16,34,35,5,6
2198,4,21,28,29,33,3,11
2199,8,9,17,26,28,6,8
2200,2,6,14,19,28,1,6
2201,4,7,17,29,31,5,6
2202,8,12,19,27,33,2,5
2203,2,7,13,14,19,4,5
2204,9,11,12,15,31,5,11
2205,5,13,18,23,34,8,9
2206,5,24,26,33,35,9,12
2207,2,8,16,29,34,5,12
2208,11,13,17,19,25,2,9
2209,9,17,19,29,34,4,11
2210,3,20,25,30,34,2,9
2211,3,8,25,29,30,1,6
2212,3,5,8,18,20,9,11
2213,1,2,8,12,26,1,7
2214,1,4,12,16,29,4,8
2215,20,26,28,30,35,10,11
2216,4,10,11,23,26,7,10
2217,8,11,19,22,29,3,11
2218,4,6,7,9,24,4,12
2219,2,18,24,25,34,8,12
2220,7,20,27,30,33,3,4
2221,2,13,17,19,34,5,9
2222,1,5,7,17,20,5,12
2223,5,22,23,25,35,3,11
2224,1,2,13,18,34,6,7
2225,13,14,18,31,33,7,10
2226,4,19,25,31,35,2,11
2227,3,5,17,24,32,5,12
2228,3,5,10,33,34,7,10
2229,4,9,16,25,32,5,6
2230,1,4,10,18,32,1,9
2231,1,2,8,12,30,5,12
2232,1,7,17,26,32,1,9
2233,10,14,18,23,25,7,11
2234,16,21,29,31,34,6,9
2235,1,4,7,17,21,1,2
2236,16,17,30,31,35,8,9
2237,11,15,16,18,35,6,9
2238,1,5,14,17,28,6,7
2239,4,5,18,20,25,11,12
2240,1,2,11,30,35,1,12
2241,4,7,22,24,29,1,7
2242,11,14,22,23,27,8,10
2243,3,6,11,31,32,5,12
2244,4,9,16,17,35,1,7
2245,7,8,10,14,17,10,12
2246,12,14,15,21,30,1,9
2247,7,14,16,20,28,4,8
2248,5,9,18,31,32,1,5
2249,8,15,16,19,33,3,4
2250,2,10,24,27,28,6,7
2251,9,11,13,23,31,5,8
2252,18,19,21,26,34,6,7
2253,1,9,17,20,28,6,10
2254,7,9,11,12,26,9,12
2255,1,8,11,22,31,5,11
2256,10,19,25,29,33,8,12
2257,5,15,25,26,33,6,11
2258,8,10,11,29,32,2,6
2259,2,16,17,24,30,9,12
2260,1,2,16,17,20,3,7
2261,2,3,7,12,20,1,5
2262,6,7,12,22,27,3,5
2263,7,10,11,12,33,3,11
2264,16,22,28,29,32,8,9
2265,6,10,20,28,35,1,10
2266,2,10,21,24,30,8,10
2267,1,16,17,19,33,5,6
2268,1,13,18,29,35,4,9
2269,9,17,19,20,25,1,9
2270,5,16,21,23,34,7,10
2271,1,2,12,15,23,4,6
2272,2,11,15,17,31,7,9
2273,6,12,18,21,35,7,10
2274,3,4,24,26,35,7,8
2275,4,15,18,32,34,4,9
2276,2,6,10,11,20,3,9
2277,6,9,19,22,30,1,6
2278,5,9,11,12,31,7,11
2279,2,3,22,26,31,6,10
2280,2,19,22,25,35,5,7
2281,5,10,13,22,28,1,4
2282,2,24,25,26,34,3,12
2283,4,14,15,32,33,10,11
2284,3,6,10,15,23,3,8
2285,2,3,23,28,35,2,9
2286,1,7,17,23,35,7,11
2287,9,15,19,25,29,8,9
2288,1,12,13,15,30,3,7
2289,11,18,21,25,32,2,4
2290,2,6,21,25,28,2,6
2291,4,12,13,17,18,7,9
2292,5,17,30,34,35,2,9
2293,5,10,11,16,19,1,10
2294,2,3,18,20,27,1,2
2295,7,10,19,26,32,8,12
2296,10,17,30,31,34,3,6
2297,5,10,19,31,32,9,10
2298,4,26,27,30,33,2,9
2299,2,9,17,26,32,4,6
2300,3,11,19,25,27,4,12
2301,11,16,31,33,35,6,8
2302,4,10,21,28,31,8,11
2303,4,6,10,24,28,6,12
2304,1,8,10,20,35,6,11
2305,1,20,21,31,33,3,11
2306,1,20,24,25,31,9,12
2307,2,11,20,22,34,4,12
2308,1,4,12,23,29,5,12
2309,7,11,14,21,29,7,10
2310,3,4,7,12,19,2,5
2311,5,8,22,25,35,2,7
2312,16,19,24,27,33,1,6
2313,5,13,22,28,29,5,11
2314,1,3,6,11,13,3,11
2315,7,18,25,27,33,4,5
2316,10,19,20,23,31,3,7
2317,2,4,6,7,8,3,6
2318,1,5,14,20,30,2,4
2319,8,12,16,21,32,1,12
2320,3,5,13,19,25,2,5
2321,1,8,9,21,22,1,4
2322,16,17,21,28,32,4,7
2323,7,9,19,28,29,8,10
2324,4,7,13,26,28,7,11
2325,5,9,24,29,35,5,12
2326,2,13,16,18,23,3,6
2327,6,12,16,19,31,6,10
2328,4,11,18,20,26,6,12
2329,13,15,22,31,33,5,12
2330,11,21,24,27,28,5,10
2331,17,19,20,23,27,3,8
2332,1,7,20,22,31,7,12
2333,9,12,15,21,32,2,7
2334,2,5,15,17,26,2,8
2335,1,9,16,25,29,4,9
2336,11,22,26,30,33,3,5
2337,4,15,16,20,21,4,5
2338,4,15,17,19,25,6,12
2339,2,20,28,29,30,7,10
2340,2,4,11,25,30,6,12
2341,3,7,14,16,19,1,11
2342,4,5,8,22,35,1,3
2343,2,3,8,9,20,4,10
2344,10,19,21,23,35,4,10
2345,10,17,23,34,35,1,4
2346,5,7,15,18,23,5,10
2347,2,6,8,10,17,5,6
2348,2,27,30,34,35,9,12
2349,1,2,14,30,31,6,9
2350,3,16,23,27,32,3,6
2351,9,10,27,31,32,1,3
2352,1,11,15,17,33,3,11
2353,5,6,8,15,20,7,8
2354,5,13,16,27,33,7,12
2355,1,13,14,22,35,2,5
2356,5,15,25,26,29,4,12
2357,5,6,14,24,25,2,4
2358,7,12,14,29,35,1,11
2359,10,13,14,27,33,7,8
2360,3,4,8,15,21,4,7
2361,10,20,29,30,35,6,9
2362,1,21,23,28,35,7,9
2363,4,12,22,28,30,9,11
2364,4,5,6,26,27,7,12
2365,15,19,22,26,28,2,7
2366,6,7,26,29,30,3,12
2367,18,19,24,27,34,11,12
2368,11,14,21,26,27,2,7
2369,5,6,14,21,22,2,9
2370,4,13,15,20,22,4,8
2371,1,3,10,20,29,6,11
2372,2,4,12,27,35,6,7
2373,2,3,24,30,32,1,6
2374,4,9,17,22,25,1,5
2375,1,5,11,15,33,1,10
2376,5,6,13,23,26,1,6
2377,2,7,8,17,25,1,3
2378,7,16,17,18,28,2,3
2379,1,2,9,23,25,2,6
2380,3,8,18,22,24,1,9
2381,8,16,24,25,34,8,12
2382,2,4,12,31,32,7,11
2383,2,5,9,22,27,10,11
2384,4,8,17,26,30,3,11
2385,5,8,9,11,15,6,8
2386,5,6,23,25,28,6,9
2387,2,9,18,23,27,3,5
2388,7,11,15,26,28,8,10
2389,9,21,23,25,33,3,10
2390,11,15,24,27,30,1,10
2391,3,9,27,30,31,11,12
2392,2,13,24,27,30,1,6
2393,9,10,12,15,23,3,6
2394,1,3,29,30,34,4,12
2395,7,25,27,34,35,9,11
2396,6,11,12,20,35,5,12
2397,5,7,8,16,25,3,11
2398,5,6,18,28,30,2,7
2399,4,6,10,11,25,7,9
2400,7,9,10,15,24,4,12
2401,7,14,23,25,29,2,11
2402,1,13,22,26,31,2,10
2403,6,8,16,20,24,7,8
2404,4,10,18,27,32,10,12
2405,2,24,26,30,34,6,7
2406,4,5,18,22,30,5,12
2407,5,8,13,26,35,5,9
2408,2,16,21,23,27,1,8
2409,2,4,17,20,27,1,8
2410,2,6,7,8,15,7,10
2411,7,10,13,28,31,4,5
2412,13,21,25,28,32,2,10
2413,10,12,13,24,25,11,12
2414,7,13,16,25,32,9,11
2415,3,17,22,26,28,7,12
2416,8,9,14,25,29,4,6
2417,3,11,19,29,33,3,12
2418,2,8,11,30,33,5,8
2419,1,3,11,14,20,2,11
2420,19,25,30,31,34,7,9
2421,6,8,12,13,15,1,6
2422,13,22,24,33,34,1,2
2423,1,5,6,19,24,5,11
2424,19,22,29,32,35,5,8
2425,9,13,23,25,28,4,7
2426,2,7,19,24,30,9,12
2427,7,11,21,30,32,5,7
2428,6,8,22,24,30,1,8
2429,4,18,29,31,34,6,9
2430,2,6,9,31,32,3,7
2431,8,14,16,21,25,3,12
2432,6,11,13,30,32,1,3
2433,2,28,30,33,35,2,10
2434,21,22,24,27,31,7,8
2435,8,20,21,25,32,5,7
2436,10,26,29,32,33,3,11
2437,2,11,12,32,34,10,12
2438,5,6,9,11,14,2,4
2439,15,25,28,30,35,8,10
2440,3,13,22,29,34,2,9
2441,7,17,20,23,32,5,11
2442,8,9,11,26,34,2,7
2443,5,16,18,26,35,3,6
2444,2,3,6,26,27,7,8
2445,6,8,26,29,34,5,8
2446,1,2,9,16,30,1,11
2447,5,6,23,28,35,7,10
2448,2,8,9,15,20,3,9
2449,13,15,21,25,32,9,10
2450,3,5,8,24,32,7,8
2451,11,12,26,31,35,5,7
2452,3,11,15,20,35,7,11
2453,3,4,16,19,24,4,5
2454,8,14,16,22,24,9,12
2455,3,12,20,26,35,2,12
2456,8,11,12,19,35,11,12
2457,6,16,18,28,29,7,11
2458,3,16,21,26,32,3,12
2459,11,14,17,19,21,1,5
2460,12,19,22,28,32,8,12
2461,8,19,28,32,34,3,7
2462,6,7,14,21,31,3,10
2463,6,7,18,20,22,3,9
2464,2,7,15,30,34,5,9
2465,9,11,13,22,23,6,7
2466,4,6,13,19,35,9,11
2467,6,14,16,17,28,7,10
2468,2,4,7,16,33,7,11
2469,8,11,19,31,32,8,11
2470,6,15,16,32,33,8,10
2471,7,8,19,20,25,2,11
2472,16,24,26,28,31,1,6
2473,1,12,15,16,18,3,10
2474,5,6,17,30,32,2,8
2475,1,12,21,22,31,2,9
2476,4,9,11,13,17,7,8
2477,3,12,15,28,35,2,12
2478,1,11,17,22,27,2,9
2479,6,8,30,32,33,3,10
2480,2,25,27,30,35,1,10
2481,7,10,23,31,34,2,10
2482,1,3,9,18,29,4,9
2483,5,7,15,18,20,3,4
2484,6,7,13,25,33,5,8
2485,4,8,10,14,21,4,10
2486,2,8,16,31,34,1,10
2487,5,11,15,23,33,1,9
2488,1,7,9,25,29,10,12
2489,2,14,16,28,30,2,7
2490,6,18,23,27,32,6,10
2491,7,25,26,29,32,2,8
2492,7,12,17,26,34,2,6
2493,4,7,8,18,19,2,6
2494,1,5,7,12,13,2,6
2495,9,23,25,27,33,6,12
2496,13,20,27,29,30,1,7
2497,3,7,21,22,24,6,7
2498,3,4,12,15,23,2,6
2499,10,18,25,28,33,5,11
2500,10,15,22,27,33,1,12
2501,5,18,22,28,29,9,12
2502,13,23,27,30,34,6,9
2503,4,19,21,30,31,6,12
2504,7,12,20,28,31,9,10
2505,15,16,25,31,34,5,9
2506,1,2,9,19,30,1,2
2507,4,22,25,30,31,4,5
2508,4,13,15,17,32,10,12
2509,9,20,23,29,33,2,10
2510,5,14,18,25,35,1,10
2511,6,10,12,32,33,6,7
2512,14,18,19,26,31,2,7
2513,6,7,19,33,34,3,8
2514,11,12,20,21,27,2,12
2515,1,16,17,21,29,1,6
2516,5,6,17,18,33,11,12
2517,3,9,17,26,35,2,7
2518,1,6,8,27,32,3,4
2519,7,9,12,23,29,1,2
2520,2,6,18,19,27,8,9
2521,3,5,7,9,12,5,8
2522,8,13,16,17,33,2,10
2523,4,5,28,34,35,4,11
2524,4,6,11,20,30,3,5
2525,15,18,19,24,26,5,9
2526,2,8,10,15,27,2,8
2527,1,3,27,32,34,1,7
2528,21,22,25,26,34,1,9
2529,5,22,25,28,30,3,12
2530,4,5,16,21,31,9,11
2531,8,11,14,24,31,5,6
2532,15,18,25,27,29,6,11
2533,3,7,25,27,35,1,4
2534,4,12,19,25,27,1,9
2535,19,20,26,29,30,3,4
2536,2,4,8,19,26,2,6
2537,1,12,16,20,28,7,9
2538,7,9,11,31,32,4,8
2539,8,10,12,14,22,5,9
2540,3,5,12,17,26,1,12
2541,1,2,8,18,27,4,8
2542,1,18,21,26,33,2,12
2543,8,9,16,22,23,7,9
2544,13,18,20,26,28,4,8
2545,4,19,24,28,34,4,5
2546,8,9,11,19,30,6,12
2547,9,12,15,30,34,5,6
2548,5,15,26,33,35,1,9
2549,4,8,10,11,15,7,9
2550,23,26,27,29,33,5,8
2551,5,13,17,29,33,5,12
2552,2,5,11,32,34,6,10
2553,17,19,20,29,35,7,11
2554,15,22,24,25,29,1,5
2555,3,10,11,20,22,6,10
2556,5,12,16,29,30,3,6
2557,6,8,14,16,28,3,5
2558,1,8,15,23,35,5,12
2559,3,4,8,14,27,5,7
2560,3,13,15,17,22,6,10
2561,9,10,14,31,32,3,8
2562,6,12,17,29,30,7,11
2563,11,19,21,26,35,10,11
2564,12,18,21,26,28,8,9
2565,4,6,9,10,22,1,8
2566,3,4,14,18,26,7,9
2567,5,21,22,23,29,1,2
2568,2,3,13,22,34,4,8
2569,1,7,19,20,35,3,9
2570,5,6,9,11,22,1,3
2571,7,17,22,30,34,5,7
2572,16,17,18,27,35,6,12
2573,9,25,30,33,34,3,9
2574,6,10,13,20,32,1,2
2575,17,18,20,25,31,3,12
2576,3,21,25,28,30,1,12
2577,1,12,19,31,33,5,8
2578,5,14,15,16,33,3,5
2579,7,12,16,33,34,1,3
2580,5,12,21,32,33,8,9
2581,5,10,18,26,27,3,6
2582,13,19,20,24,25,6,7
2583,3,11,14,20,22,6,9
2584,15,20,31,32,33,5,10
2585,7,9,16,20,24,3,7
2586,4,20,21,32,34,2,9
2587,6,10,15,34,35,2,10
2588,4,17,21,23,32,1,6
2589,7,9,12,21,23,5,9
2590,2,10,11,21,27,9,11
2591,8,17,26,28,32,1,10
2592,1,6,22,27,35,7,12
2593,1,3,25,26,29,6,12
2594,5,7,10,14,15,4,7
2595,3,8,17,18,23,6,11
2596,3,5,24,27,28,9,11
2597,14,15,25,27,34,1,10
2598,8,21,23,24,26,4,5
2599,9,11,12,13,30,7,9
2600,4,11,16,17,23,5,10
2601,2,9,16,29,35,1,6
2602,11,12,14,22,28,7,11
2603,7,10,20,28,34,5,10
2604,1,2,23,28,32,3,5
2605,5,6,29,30,34,7,8
2606,2,3,6,28,33,7,11
2607,1,8,11,17,21,1,2
2608,2,4,25,26,31,1,6
2609,16,24,26,28,29,8,12
2610,12,13,24,29,31,2,8
2611,1,7,19,26,27,3,5
2612,2,3,23,27,31,1,10
2613,7,11,12,14,19,2,8
2614,3,10,15,19,29,9,10
2615,4,10,24,31,35,5,8
2616,2,12,19,22,32,5,11
2617,16,19,22,27,35,6,10
2618,1,5,9,14,20,5,11
2619,19,21,29,32,33,6,8
2620,1,4,9,13,17,6,9
2621,14,20,21,28,32,9,11
2622,5,11,19,22,29,2,12
2623,6,14,16,18,34,3,10
2624,16,17,21,31,34,3,8
2625,12,23,26,27,28,3,11
2626,1,7,8,18,28,4,12
2627,3,9,19,27,30,7,11
2628,5,15,24,31,34,3,10
2629,16,18,25,26,33,4,8
2630,12,27,30,34,35,5,11
2631,3,4,12,19,24,8,12
2632,1,3,6,16,25,1,11
2633,2,10,22,26,28,2,4
2634,1,3,9,16,19,5,11
2635,6,12,28,30,33,2,7
2636,4,12,17,23,27,2,8
2637,7,15,18,24,33,4,5
2638,5,6,9,15,17,3,10
2639,3,9,16,30,31,8,9
2640,2,3,7,10,25,1,11
2641,10,14,19,24,26,1,10
2642,2,10,17,28,34,7,8
2643,2,3,10,16,28,7,10
2644,3,7,10,29,31,1,3
2645,7,19,30,31,34,5,7
2646,11,21,25,31,32,4,10
2647,2,3,4,21,26,2,3
2648,5,6,10,16,31,6,9
2649,8,10,14,22,29,4,6
2650,1,4,7,13,33,5,6
2651,6,8,22,24,30,3,8
2652,1,17,20,29,34,7,8
2653,8,15,16,17,21,2,5
2654,5,17,20,28,34,4,9
2655,5,12,20,23,24,5,7
2656,3,6,15,23,31,1,12
2657,2,6,7,16,20,2,11
2658,8,21,24,33,34,3,10
2659,16,20,22,24,31,4,5
2660,6,7,8,21,30,1,5
2661,1,6,9,22,24,1,3
2662,5,20,21,22,32,3,4
2663,12,18,21,22,31,1,7
2664,6,9,20,32,35,8,11
2665,2,5,16,18,22,7,9
2666,4,11,23,25,34,5,7
2667,5,12,17,19,35,10,11
2668,1,2,7,8,31,2,10
2669,5,8,16,17,27,4,7
2670,19,21,22,28,32,6,9
2671,10,25,30,32,34,4,10
2672,2,5,9,13,33,1,7
2673,5,6,8,31,32,9,11
2674,3,4,13,19,35,3,10
2675,15,22,23,25,31,1,9
2676,1,5,7,13,35,5,12
2677,3,19,21,30,32,6,9
2678,5,21,28,30,32,7,12
2679,3,6,7,11,27,2,8
2680,2,18,19,21,25,2,11
2681,14,16,18,20,35,2,5
2682,5,19,22,29,35,2,10
2683,7,10,24,31,35,1,8
2684,5,7,12,20,29,8,12
2685,10,12,26,28,31,3,10
2686,1,7,9,20,28,1,4
2687,7,8,11,18,23,3,11
2688,1,9,12,22,29,5,9
2689,10,18,25,30,35,3,12
2690,1,11,13,27,29,4,10
2691,10,20,22,24,25,9,12
2692,6,12,13,16,23,5,8
2693,3,6,8,10,25,3,7
2694,2,3,7,17,30,1,9
2695,3,6,11,13,20,1,11
2696,6,8,20,25,29,3,7
2697,5,9,26,31,33,3,10
2698,3,9,14,24,28,6,7
2699,14,18,20,25,35,1,7
2700,12,22,25,27,28,1,2
2701,1,2,8,10,33,10,12
2702,4,15,22,28,33,6,8
2703,22,25,28,29,30,4,8
2704,4,7,13,27,30,2,6
2705,5,20,23,27,31,4,6
2706,7,8,20,26,34,8,9
2707,3,7,14,15,19,6,10
2708,2,8,16,31,32,4,12
2709,3,4,21,22,27,5,11
2710,6,8,11,18,20,5,11
2711,3,16,20,21,27,9,11
2712,15,17,21,22,26,2,8
2713,8,11,21,23,27,3,8
2714,4,10,15,20,34,4,7
2715,3,10,11,12,21,2,3
2716,2,6,17,23,35,6,11
2717,9,20,22,29,34,3,8
2718,15,18,20,21,34,4,10
2719,2,4,13,29,31,5,12
2720,2,4,11,29,30,2,8
2721,14,23,29,30,33,6,12
2722,3,12,16,21,29,1,2
2723,8,10,25,29,30,1,2
2724,12,15,28,29,32,8,11
2725,9,10,11,12,29,1,10
2726,6,11,15,21,23,1,7
2727,3,9,10,11,26,1,2
2728,12,14,19,33,34,1,7
2729,2,11,16,23,28,5,10
2730,14,20,27,28,29,6,10
2731,5,18,26,29,32,7,10
2732,5,10,18,20,34,1,8
2733,7,25,32,33,35,4,9
2734,15,18,27,28,34,3,6
2735,6,10,12,21,22,1,6
2736,1,4,17,20,22,4,10
2737,4,6,7,33,34,9,10
2738,8,9,15,20,22,4,12
2739,1,8,25,31,33,5,11
2740,4,7,15,24,29,1,4
2741,1,4,17,33,34,3,9
2742,2,11,15,18,21,5,10
2743,8,12,16,19,35,6,9
2744,11,18,22,25,29,4,12
2745,12,14,16,19,28,1,4
2746,7,10,15,21,24,5,6
2747,2,14,32,34,35,5,11
2748,9,10,18,22,24,3,12
2749,1,4,6,15,18,2,3
2750,2,3,4,12,26,1,8
2751,12,17,18,20,34,2,5
2752,9,11,13,18,29,4,11
2753,2,5,9,14,33,4,9
2754,2,6,23,24,33,1,10
2755,5,13,14,16,20,3,8
2756,8,9,10,11,35,5,11
2757,2,11,12,32,34,3,10
2758,6,14,19,22,27,1,4
2759,1,19,22,25,27,3,10
2760,4,10,17,25,32,5,7
2761,1,7,9,16,30,2,5
2762,4,9,17,30,33,5,9
2763,7,13,14,19,27,6,10
2764,2,11,17,22,24,7,9
2765,5,24,25,32,34,1,9
2766,1,7,9,10,23,10,12
2767,6,12,20,26,31,2,4
2768,26,28,32,34,35,2,7
2769,5,7,19,26,32,8,9
2770,9,10,13,26,28,2,4
2771,5,8,19,32,34,4,5
2772,2,6,9,22,34,2,8
2773,15,16,25,28,34,10,12
2774,5,6,11,26,29,5,10
2775,5,7,8,15,33,6,10
2776,14,18,21,24,29,3,6
2777,4,8,10,13,26,9,10
2778,1,15,22,30,31,2,8
2779,2,9,14,21,26,2,12
2780,3,4,21,23,24,9,12
2781,1,14,18,28,35,2,3
2782,3,8,9,12,16,1,5
2783,3,12,14,21,35,1,5
2784,2,6,16,22,29,8,12
2785,5,10,18,21,29,5,7
2786,2,8,9,12,21,4,5
2787,8,15,27,29,31,1,7
2788,11,13,22,26,35,2,8
2789,2,3,8,13,21,7,12
2790,2,3,6,16,17,4,5
2791,8,13,24,25,31,4,10
2792,6,9,14,26,27,8,9
2793,10,11,13,19,35,4,11
2794,1,8,18,27,30,6,7
2795,4,5,19,28,29,5,8
2796,3,6,26,30,33,11,12
2797,3,9,14,28,35,2,4
2798,1,13,16,27,29,2,11
2799,3,8,25,29,32,9,12
2800,1,9,10,12,19,6,7
2801,4,11,23,27,35,7,11
2802,7,12,18,27,33,9,10
2803,2,10,16,28,32,1,7
2804,7,11,15,16,23,9,11
2805,7,8,9,11,22,5,11
2806,1,3,19,21,23,7,11
2807,8,18,22,30,35,1,4
2808,4,5,13,18,34,2,8
2809,4,9,24,28,29,2,10
2810,9,10,14,27,29,2,9
2811,3,4,18,24,29,7,12
2812,2,5,13,15,28,5,8
2813,5,7,20,22,25,4,5
2814,6,11,13,16,22,2,3
2815,6,16,21,25,33,7,8
2816,3,4,14,30,32,8,12
2817,24,26,30,31,32,5,12
2818,13,14,15,28,31,1,5
2819,7,9,23,27,32,2,8
2820,4,8,15,20,31,7,8
2821,2,9,11,15,16,2,4
2822,5,18,23,25,32,5,9
2823,2,4,16,23,35,6,11
2824,5,12,18,23,35,6,12
2825,1,3,13,20,26,3,10
2826,3,6,17,21,33,5,11
2827,5,12,13,14,33,5,8
2828,2,3,13,18,26,2,9
2829,14,21,23,29,33,2,10
2830,1,2,9,22,25,1,6
2831,3,5,6,23,26,1,4
2832,16,18,23,34,35,1,6
2833,1,4,10,13,17,3,11
2834,8,9,12,19,24,1,6
2835,4,5,10,23,31,7,12
2836,9,11,19,30,35,1,12
2837,12,13,14,16,31,4,12
2838,1,10,21,23,29,10,12
2839,5,8,12,14,17,4,5
2840,5,9,10,18,26,5,6
2841,9,25,26,27,28,1,8
2842,2,4,8,10,21,9,12
2843,3,15,24,28,29,3,7
2844,10,11,22,26,32,1,8
2845,9,10,11,12,16,1,11
2846,15,27,29,30,34,1,10
2847,3,5,17,33,35,5,7
2848,2,13,22,28,34,5,12
2849,6,8,22,29,34,5,7
2850,3,4,19,26,32,1,12
2851,3,5,7,9,18,2,10
2852,11,12,25,26,27,8,11
2853,2,22,30,33,34,8,12
2854,4,7,16,26,32,5,8
2855,7,12,13,28,32,6,8
2856,8,17,21,33,35,6,7
2857,9,11,20,26,27,6,9
2858,6,12,13,21,34,8,9
2859,24,25,27,29,34,2,6
2860,2,7,13,19,24,3,8
2861,8,12,14,19,22,11,12
2862,3,8,22,26,29,7,10
2863,1,15,21,26,33,4,7
2864,1,13,18,27,33,4,7
2865,9,20,21,23,28,6,11
2866,11,17,20,23,35,1,10
2867,1,6,14,15,17,2,3
2868,6,10,14,23,33,8,10
2869,13,18,28,32,33,2,11
2870,2,3,20,28,33,2,12
2871,2,9,14,20,31,5,9
2872,2,6,14,22,24,8,11
2873,9,10,20,33,35,4,11
2874,6,7,18,21,30,1,5
2875,23,25,26,27,34,4,10
2876,7,12,13,18,34,1,5
2877,6,13,17,19,26,7,8
2878,22,28,30,31,34,1,5
2879,10,12,26,31,35,2,12
2880,7,15,20,24,29,4,10
2881,3,15,20,29,31,1,12
2882,3,13,15,17,21,2,7
2883,4,11,12,13,25,4,8
2884,10,13,19,21,30,4,5
2885,6,16,18,19,28,7,11
